”¼Œar[mm],—ƒŒ·’·chord[mm],Žæ•tŠptheta[deg]
0.0,-0.033086146931240866,94.44884110838481
0.001,-0.031935048979125906,94.31149276557589
0.002,-0.030783951027010946,94.17414442276696
0.003,-0.029632853074895986,94.03679607995802
0.004,-0.028481755122781026,93.89944773714909
0.005,-0.027330657170666066,93.76209939434017
0.006,-0.026179559218551106,93.62475105153123
0.007,-0.025028461266436146,93.4874027087223
0.008,-0.0238773633143212,93.35005436591337
0.009000000000000001,-0.02272626536220624,93.21270602310443
0.01,-0.02157516741009128,93.07535768029551
0.011,-0.02042406945797632,92.93800933748658
0.012,-0.01927297150586136,92.80066099467764
0.013000000000000001,-0.0181218735537464,92.66331265186871
0.014,-0.01697077560163144,92.52596430905977
0.015,-0.01581967764951648,92.38861596625085
0.016,-0.01466857969740152,92.25126762344192
0.017,-0.01351748174528656,92.11391928063298
0.018000000000000002,-0.012366383793171586,91.97657093782405
0.019,-0.011215285841056633,91.83922259501512
0.02,-0.010064187888941672,91.7018742522062
0.021,-0.008913089936826712,91.56452590939726
0.022,-0.007761991984711759,91.42717756658833
0.023,-0.006610894032596799,91.28982922377939
0.024,-0.005459796080481839,91.15248088097046
0.025,-0.004308698128366879,91.01513253816154
0.026000000000000002,-0.0031576001762519124,90.8777841953526
0.027,-0.0020065022241369662,90.74043585254367
0.028,-0.0008554042720219993,90.60308750973473
0.029,0.00029569368009296076,90.4657391669258
0.03,0.0014467916322079208,90.32839082411688
0.031,0.002597889584322881,90.19104248130795
0.032,0.003748987536437841,90.05369413849901
0.033,0.004900085488552801,89.91634579569008
0.034,0.006051183440667761,89.77899745288114
0.035,0.007202281392782721,89.64164911007222
0.036000000000000004,0.008353379344897681,89.50430076726329
0.037,0.009504477297012634,89.36695242445435
0.038,0.010655575249127594,89.22960408164542
0.039,0.011806673201242554,89.09225573883649
0.04,0.012957771153357514,88.95490739602756
0.041,0.014108869105472481,88.81755905321863
0.042,0.015259967057587441,88.6802107104097
0.043000000000000003,0.0164110650097024,88.54286236760076
0.044,0.017562162961817354,88.40551402479183
0.045,0.018713260913932314,88.26816568198291
0.046,0.019864358866047274,88.13081733917397
0.047,0.021015456818162234,87.99346899636504
0.048,0.022166554770277194,87.8561206535561
0.049,0.023317652722392154,87.71877231074717
0.05,0.024468750674507114,87.58142396793825
0.051000000000000004,0.025619848626622074,87.44407562512932
0.052000000000000005,0.026770946578737038,87.30672728232038
0.053,0.027922044530851987,87.16937893951145
0.054,0.02907314248296695,87.03203059670251
0.055,0.03022424043508191,86.89468225389359
0.056,0.031375338387196874,86.75733391108466
0.057,0.032526436339311834,86.61998556827572
0.058,0.033677534291426794,86.48263722546679
0.059000000000000004,0.034828632243541754,86.34528888265785
0.06,0.03597973019565671,86.20794053984893
0.061,0.03713082814777167,86.07059219704
0.062,0.03828192609988663,85.93324385423107
0.063,0.03943302405200159,85.79589551142213
0.064,0.04058412200411655,85.6585471686132
0.065,0.04173521995623151,85.52119882580428
0.066,0.04288631790834647,85.38385048299534
0.067,0.04403741586046143,85.24650214018641
0.068,0.04518851381257639,85.10915379737747
0.069,0.04633961176469135,84.97180545456854
0.07,0.047490709716806315,84.83445711175962
0.07100000000000001,0.048641807668921275,84.69710876895068
0.07200000000000001,0.049792905621036235,84.55976042614175
0.073,0.050944003573151174,84.42241208333282
0.074,0.05209510152526614,84.2850637405239
0.075,0.0532461994773811,84.14771539771496
0.076,0.05439729742949606,84.01036705490603
0.077,0.05554839538161102,83.87301871209709
0.078,0.05669949333372598,83.73567036928816
0.079,0.05785059128584094,83.59832202647924
0.08,0.0590016892379559,83.4609736836703
0.081,0.06015278719007086,83.32362534086137
0.082,0.06130388514218582,83.18627699805243
0.083,0.06245498309430078,83.0489286552435
0.084,0.06360608104641574,82.91158031243457
0.085,0.0647571789985307,82.77423196962565
0.08600000000000001,0.06590827695064566,82.63688362681671
0.08700000000000001,0.06705937490276062,82.49953528400778
0.088,0.06821047285487557,82.36218694119884
0.089,0.06936157080699053,82.22483859838992
0.09,0.07051266875910549,82.08749025558099
0.091,0.07166376671122045,81.95014191277205
0.092,0.07281486466333541,81.81279356996312
0.093,0.07396596261545038,81.67544522715419
0.094,0.07511706056756534,81.53809688434526
0.095,0.0762681585196803,81.40074854153633
0.096,0.07741925647179526,81.2634001987274
0.097,0.07857035442391022,81.12605185591846
0.098,0.07972145237602518,80.98870351310953
0.099,0.08087255032814014,80.8513551703006
0.1,0.08199151590824305,80.71437408245397
0.101,0.08295359990734595,80.57918606295274
0.10200000000000001,0.08391568390644887,80.44399804345151
0.10300000000000001,0.08487776790555178,80.30881002395029
0.10400000000000001,0.08583985190465468,80.17362200444906
0.105,0.08680193590375758,80.03843398494783
0.106,0.08776401990286048,79.9032459654466
0.107,0.0887261039019634,79.76805794594537
0.108,0.08968818790106631,79.63286992644414
0.109,0.09065027190016922,79.49768190694292
0.11,0.09161235589927212,79.36249388744169
0.111,0.09257443989837504,79.22730586794046
0.112,0.09353652389747794,79.09211784843922
0.113,0.09449860789658085,78.95692982893799
0.114,0.09546069189568376,78.82174180943676
0.115,0.09642277589478666,78.68655378993553
0.116,0.09738485989388958,78.5513657704343
0.117,0.09834694389299249,78.41617775093307
0.11800000000000001,0.09930902789209539,78.28098973143184
0.11900000000000001,0.1002711118911983,78.14580171193062
0.12,0.10123319589030119,78.01061369242939
0.121,0.1021952798894041,77.87542567292816
0.122,0.10315736388850702,77.74023765342693
0.123,0.10411944788760993,77.6050496339257
0.124,0.10508153188671283,77.46986161442447
0.125,0.10604361588581575,77.33467359492323
0.126,0.10700569988491865,77.199485575422
0.127,0.10796778388402156,77.06429755592077
0.128,0.10882194552655501,76.94870356997885
0.129,0.10967042704505847,76.83414084896108
0.13,0.11051890856356195,76.71957812794334
0.131,0.1113673900820654,76.60501540692557
0.132,0.11221587160056888,76.49045268590781
0.133,0.11306435311907236,76.37588996489006
0.134,0.11391283463757582,76.2613272438723
0.135,0.11476131615607929,76.14676452285454
0.136,0.11560979767458275,76.03220180183678
0.137,0.11645827919308623,75.91763908081903
0.138,0.1173067607115897,75.80307635980127
0.139,0.11815524223009316,75.6885136387835
0.14,0.11900372374859663,75.57395091776576
0.14100000000000001,0.11985220526710011,75.459388196748
0.14200000000000002,0.12070068678560357,75.34482547573023
0.14300000000000002,0.12154916830410704,75.23026275471247
0.14400000000000002,0.1223976498226105,75.11570003369472
0.145,0.12324613134111395,75.00113731267696
0.146,0.12409461285961743,74.88657459165921
0.147,0.1249430943781209,74.77201187064145
0.148,0.12579157589662437,74.65744914962369
0.149,0.12664005741512782,74.54288642860594
0.15,0.1274885389336313,74.42832370758818
0.151,0.12833702045213477,74.31376098657041
0.152,0.12918550197063824,74.19919826555265
0.153,0.1300339834891417,74.0846355445349
0.154,0.13088246500764517,73.97007282351714
0.155,0.13167059852813925,73.87992741390356
0.156,0.1324364115562189,73.79881306467234
0.157,0.13320222458429853,73.71769871544113
0.158,0.1339680376123782,73.63658436620993
0.159,0.13473385064045781,73.55547001697872
0.16,0.13549966366853747,73.4743556677475
0.161,0.13626547669661712,73.39324131851629
0.162,0.13703128972469675,73.31212696928507
0.163,0.1377971027527764,73.23101262005386
0.164,0.13856291578085603,73.14989827082265
0.165,0.13932872880893568,73.06878392159143
0.166,0.14009454183701534,72.98766957236023
0.167,0.14086035486509496,72.90655522312902
0.168,0.14162616789317461,72.8254408738978
0.169,0.14239198092125427,72.74432652466659
0.17,0.1431577939493339,72.66321217543538
0.171,0.14392360697741355,72.58209782620416
0.17200000000000001,0.14468942000549317,72.50098347697295
0.17300000000000001,0.14545523303357283,72.41986912774173
0.17400000000000002,0.14622104606165248,72.33875477851052
0.17500000000000002,0.1469868590897321,72.25764042927932
0.176,0.14775267211781173,72.1765260800481
0.177,0.1485184851458914,72.09541173081689
0.178,0.14928429817397101,72.01429738158568
0.179,0.15005011120205067,71.93318303235446
0.18,0.1508159242301303,71.85206868312325
0.181,0.15158173725820995,71.77095433389204
0.182,0.15220263526952799,71.68279038795465
0.183,0.1526843012059182,71.58785330008386
0.184,0.1531659671423084,71.49291621221307
0.185,0.1536476330786986,71.39797912434229
0.186,0.15412929901508882,71.3030420364715
0.187,0.15461096495147902,71.20810494860072
0.188,0.15509263088786923,71.11316786072993
0.189,0.15557429682425944,71.01823077285914
0.19,0.15605596276064965,70.92329368498835
0.191,0.15653762869703988,70.82835659711756
0.192,0.1570192946334301,70.73341950924679
0.193,0.1575009605698203,70.638482421376
0.194,0.1579826265062105,70.54354533350521
0.195,0.1584642924426007,70.44860824563442
0.196,0.15894595837899092,70.35367115776363
0.197,0.15942762431538113,70.25873406989285
0.198,0.15990929025177134,70.16379698202206
0.199,0.16039095618816154,70.06885989415127
0.2,0.16087262212455175,69.97392280628048
0.201,0.16135428806094199,69.8789857184097
0.202,0.1618359539973322,69.7840486305389
0.203,0.1623176199337224,69.68911154266813
0.20400000000000001,0.1627992858701126,69.59417445479734
0.20500000000000002,0.16328095180650282,69.49923736692655
0.20600000000000002,0.16376261774289302,69.40430027905576
0.20700000000000002,0.16424428367928323,69.30936319118499
0.20800000000000002,0.16472594961567344,69.2144261033142
0.209,0.16517452263694965,69.12177189478487
0.21,0.16554207507294671,69.03470680464328
0.211,0.1659096275089438,68.94764171450167
0.212,0.1662771799449409,68.86057662436008
0.213,0.166644732380938,68.77351153421847
0.214,0.16701228481693506,68.68644644407688
0.215,0.16737983725293215,68.59938135393527
0.216,0.16774738968892924,68.51231626379368
0.217,0.16811494212492634,68.42525117365209
0.218,0.1684824945609234,68.33818608351048
0.219,0.1688500469969205,68.25112099336889
0.22,0.1692175994329176,68.16405590322728
0.221,0.16958515186891468,68.07699081308569
0.222,0.16995270430491174,67.98992572294408
0.223,0.17032025674090884,67.90286063280249
0.224,0.17068780917690593,67.8157955426609
0.225,0.17105536161290302,67.72873045251929
0.226,0.1714229140489001,67.6416653623777
0.227,0.17179046648489718,67.55460027223609
0.228,0.17215801892089427,67.4675351820945
0.229,0.17252557135689134,67.38047009195289
0.23,0.17289312379288843,67.2934050018113
0.231,0.17326067622888552,67.2063399116697
0.232,0.17362822866488262,67.1192748215281
0.233,0.17399578110087968,67.0322097313865
0.234,0.17436333353687677,66.9451446412449
0.23500000000000001,0.17473088597287387,66.8580795511033
0.23600000000000002,0.17509224683340294,66.77138538649493
0.23700000000000002,0.1753713481912855,66.68961923254237
0.23800000000000002,0.17565044954916806,66.6078530785898
0.23900000000000002,0.17592955090705065,66.52608692463724
0.24,0.1762086522649332,66.44432077068468
0.241,0.17648775362281577,66.36255461673211
0.242,0.17676685498069833,66.28078846277955
0.243,0.17704595633858092,66.19902230882698
0.244,0.17732505769646348,66.11725615487443
0.245,0.17760415905434604,66.03549000092187
0.246,0.1778832604122286,65.9537238469693
0.247,0.1781623617701112,65.87195769301674
0.248,0.17844146312799375,65.79019153906417
0.249,0.1787205644858763,65.70842538511161
0.25,0.17899966584375887,65.62665923115904
0.251,0.17927876720164146,65.54489307720648
0.252,0.17955786855952402,65.46312692325392
0.253,0.17983696991740658,65.38136076930135
0.254,0.18011607127528917,65.2995946153488
0.255,0.18039517263317173,65.21782846139622
0.256,0.1806742739910543,65.13606230744367
0.257,0.18095337534893685,65.0542961534911
0.258,0.18123247670681944,64.97252999953854
0.259,0.181511578064702,64.89076384558598
0.26,0.18179067942258456,64.80899769163341
0.261,0.18206978078046712,64.72723153768085
0.262,0.1823488821383497,64.64546538372828
0.263,0.18262798349623227,64.56369922977572
0.264,0.18275467290224354,64.49062990078461
0.265,0.18285446608145398,64.41909530561023
0.266,0.18295425926066441,64.34756071043584
0.267,0.18305405243987488,64.27602611526146
0.268,0.18315384561908532,64.20449152008707
0.269,0.18325363879829576,64.13295692491269
0.27,0.18335343197750623,64.0614223297383
0.271,0.18345322515671666,63.989887734563915
0.272,0.1835530183359271,63.91835313938953
0.273,0.18365281151513754,63.84681854421515
0.274,0.183752604694348,63.77528394904076
0.275,0.18385239787355845,63.70374935386638
0.276,0.1839521910527689,63.632214758691994
0.277,0.18405198423197935,63.56068016351761
0.278,0.1841517774111898,63.489145568343226
0.279,0.18425157059040023,63.41761097316884
0.28,0.1843513637696107,63.34607637799446
0.281,0.18445115694882114,63.27454178282007
0.28200000000000003,0.18455095012803158,63.20300718764569
0.28300000000000003,0.18465074330724202,63.131472592471304
0.28400000000000003,0.18475053648645248,63.05993799729692
0.28500000000000003,0.18485032966566292,62.98840340212253
0.28600000000000003,0.18495012284487336,62.916868806948145
0.28700000000000003,0.18504991602408383,62.84533421177376
0.28800000000000003,0.18514970920329427,62.773799616599376
0.289,0.1852495023825047,62.702265021425
0.29,0.18534929556171514,62.630730426250615
0.291,0.1854141033099168,62.56004490958883
0.292,0.1854583640589546,62.48985805808525
0.293,0.18550262480799237,62.41967120658166
0.294,0.18554688555703014,62.349484355078076
0.295,0.18559114630606793,62.27929750357449
0.296,0.1856354070551057,62.209110652070905
0.297,0.18567966780414347,62.13892380056732
0.298,0.18572392855318126,62.06873694906373
0.299,0.18576818930221903,61.99855009756014
0.3,0.1858124500512568,61.928363246056556
0.301,0.1858567108002946,61.85817639455297
0.302,0.18590097154933236,61.787989543049385
0.303,0.18594523229837012,61.7178026915458
0.304,0.18598949304740792,61.647615840042214
0.305,0.18603375379644568,61.57742898853863
0.306,0.18607801454548345,61.50724213703504
0.307,0.18612227529452124,61.43705528553146
0.308,0.186166536043559,61.36686843402787
0.309,0.1862107967925968,61.296681582524286
0.31,0.18625505754163457,61.22649473102069
0.311,0.18629931829067234,61.15630787951711
0.312,0.18634357903971013,61.08612102801352
0.313,0.1863878397887479,61.01593417650994
0.314,0.18643210053778567,60.94574732500635
0.315,0.18647636128682346,60.875560473502766
0.316,0.18652062203586123,60.80537362199918
0.317,0.186564882784899,60.735186770495595
0.318,0.1865931927724107,60.66657628257246
0.319,0.1865985492250434,60.60023422028948
0.32,0.18660390567767612,60.5338921580065
0.321,0.18660926213030882,60.467550095723524
0.322,0.18661461858294154,60.40120803344055
0.323,0.18661997503557426,60.33486597115757
0.324,0.18662533148820695,60.26852390887459
0.325,0.18663068794083967,60.202181846591614
0.326,0.18663604439347237,60.13583978430863
0.327,0.1866414008461051,60.06949772202565
0.328,0.1866467572987378,60.003155659742674
0.329,0.1866521137513705,59.9368135974597
0.33,0.18665747020400322,59.87047153517672
0.331,0.18666282665663592,59.80412947289374
0.332,0.18666818310926864,59.737787410610764
0.333,0.18667353956190136,59.67144534832779
0.334,0.18667889601453405,59.60510328604481
0.335,0.18668425246716677,59.53876122376183
0.336,0.18668960891979947,59.472419161478854
0.337,0.1866949653724322,59.406077099195876
0.338,0.1867003218250649,59.3397350369129
0.339,0.1867056782776976,59.27339297462992
0.34,0.18671103473033032,59.207050912346936
0.341,0.18671639118296302,59.14070885006396
0.342,0.18672174763559574,59.07436678778098
0.343,0.18672710408822843,59.008024725498004
0.34400000000000003,0.18673246054086115,58.941682663215026
0.34500000000000003,0.186731947153529,58.87593745309387
0.34600000000000003,0.1867064097116099,58.81273671797834
0.34700000000000003,0.18668087226969077,58.74953598286281
0.34800000000000003,0.18665533482777166,58.68633524774728
0.34900000000000003,0.18662979738585256,58.62313451263176
0.35000000000000003,0.18660425994393343,58.55993377751623
0.35100000000000003,0.18657872250201432,58.4967330424007
0.352,0.1865531850600952,58.433532307285176
0.353,0.18652764761817608,58.37033157216965
0.354,0.18650211017625695,58.307130837054125
0.355,0.18647657273433785,58.243930101938595
0.356,0.18645103529241874,58.180729366823066
0.357,0.1864254978504996,58.11752863170754
0.358,0.1863999604085805,58.054327896592014
0.359,0.18637442296666137,57.991127161476484
0.36,0.18634888552474227,57.927926426360955
0.361,0.18632334808282314,57.86472569124543
0.362,0.18629781064090403,57.8015249561299
0.363,0.18627227319898493,57.73832422101437
0.364,0.1862467357570658,57.67512348589885
0.365,0.1862211983151467,57.61192275078332
0.366,0.18619566087322756,57.54872201566779
0.367,0.18617012343130845,57.48552128055226
0.368,0.18614458598938932,57.42232054543674
0.369,0.18611904854747022,57.35911981032121
0.37,0.18609351110555108,57.29591907520568
0.371,0.18606797366363198,57.23271834009016
0.372,0.18604243622171288,57.16951760497463
0.373,0.18596662039302342,57.11131080942304
0.374,0.1858892495626813,57.05325846561054
0.375,0.18581187873233918,56.99520612179805
0.376,0.18573450790199705,56.93715377798555
0.377,0.1856571370716549,56.87910143417305
0.378,0.18557976624131278,56.82104909036055
0.379,0.18550239541097066,56.762996746548055
0.38,0.18542502458062854,56.704944402735556
0.381,0.1853476537502864,56.646892058923065
0.382,0.18527028291994427,56.588839715110566
0.383,0.18519291208960215,56.53078737129807
0.384,0.18511554125926002,56.47273502748557
0.385,0.18503817042891788,56.41468268367307
0.386,0.18496079959857575,56.35663033986057
0.387,0.18488342876823363,56.29857799604808
0.388,0.1848060579378915,56.24052565223558
0.389,0.1847286871075494,56.182473308423084
0.39,0.18465131627720724,56.124420964610586
0.391,0.18457394544686512,56.06636862079809
0.392,0.184496574616523,56.00831627698559
0.393,0.18441920378618087,55.95026393317309
0.394,0.18434183295583872,55.8922115893606
0.395,0.1842644621254966,55.8341592455481
0.396,0.18418709129515448,55.7761069017356
0.397,0.18410972046481236,55.718054557923104
0.398,0.1840323496344702,55.660002214110605
0.399,0.1839549788041281,55.60194987029811
0.4,0.183856742001336,55.54561541419956
0.401,0.18375154987439393,55.48985358733899
0.402,0.18364635774745186,55.434091760478424
0.403,0.1835411656205098,55.378329933617856
0.404,0.18343597349356772,55.32256810675729
0.405,0.18333078136662564,55.26680627989672
0.406,0.18322558923968357,55.21104445303616
0.40700000000000003,0.1831203971127415,55.15528262617559
0.40800000000000003,0.18301520498579943,55.09952079931502
0.40900000000000003,0.18291001285885736,55.043758972454455
0.41000000000000003,0.18280482073191529,54.98799714559389
0.41100000000000003,0.1826996286049732,54.93223531873332
0.41200000000000003,0.18259443647803114,54.87647349187275
0.41300000000000003,0.18248924435108907,54.82071166501218
0.41400000000000003,0.182384052224147,54.764949838151615
0.41500000000000004,0.18227886009720493,54.70918801129105
0.41600000000000004,0.18217366797026285,54.65342618443048
0.417,0.1820684758433208,54.59766435756992
0.418,0.18196328371637874,54.54190253070935
0.419,0.18185809158943667,54.48614070384878
0.42,0.1817528994624946,54.430378876988215
0.421,0.18164770733555252,54.37461705012765
0.422,0.18154251520861045,54.31885522326708
0.423,0.18143732308166838,54.26309339640651
0.424,0.1813321309547263,54.20733156954594
0.425,0.18122693882778423,54.151569742685375
0.426,0.18112174670084216,54.09580791582481
0.427,0.18101155516683543,54.0411150271882
0.428,0.1808969301963751,53.98737006490113
0.429,0.1807823052259148,53.93362510261406
0.43,0.1806676802554545,53.87988014032699
0.431,0.18055305528499418,53.82613517803992
0.432,0.18043843031453385,53.77239021575285
0.433,0.18032380534407355,53.71864525346578
0.434,0.18020918037361325,53.66490029117871
0.435,0.18009455540315292,53.61115532889165
0.436,0.17997993043269261,53.55741036660458
0.437,0.1798653054622323,53.50366540431751
0.438,0.17975068049177198,53.44992044203044
0.439,0.17963605552131168,53.39617547974337
0.44,0.17952143055085137,53.3424305174563
0.441,0.17940680558039107,53.28868555516923
0.442,0.17929218060993074,53.23494059288216
0.443,0.17917755563947044,53.18119563059509
0.444,0.17906293066901013,53.12745066830802
0.445,0.1789483056985498,53.07370570602095
0.446,0.1788336807280895,53.01996074373389
0.447,0.1787190557576292,52.96621578144682
0.448,0.1786044307871689,52.91247081915975
0.449,0.17848980581670856,52.85872585687268
0.45,0.17837518084624826,52.80498089458561
0.451,0.17826055587578796,52.75123593229854
0.452,0.17814593090532763,52.69749097001147
0.453,0.17803130593486732,52.6437460077244
0.454,0.17791465041110782,52.5906832038079
0.455,0.17779347526871458,52.539138752393605
0.456,0.17767230012632138,52.48759430097932
0.457,0.17755112498392817,52.43604984956503
0.458,0.17742994984153493,52.38450539815074
0.459,0.17730877469914172,52.33296094673645
0.46,0.1771875995567485,52.28141649532216
0.461,0.17706642441435527,52.229872043907875
0.462,0.17694524927196206,52.17832759249359
0.463,0.17682407412956883,52.126783141079294
0.464,0.17670289898717562,52.07523868966501
0.465,0.1765817238447824,52.02369423825072
0.466,0.17646054870238917,51.972149786836425
0.467,0.17633937355999596,51.92060533542214
0.468,0.17621819841760275,51.86906088400785
0.46900000000000003,0.1760970232752095,51.817516432593564
0.47000000000000003,0.1759758481328163,51.76597198117927
0.47100000000000003,0.1758546729904231,51.71442752976498
0.47200000000000003,0.17573349784802986,51.662883078350696
0.47300000000000003,0.17561232270563665,51.6113386269364
0.47400000000000003,0.1754911475632434,51.559794175522114
0.47500000000000003,0.1753699724208502,51.50824972410783
0.47600000000000003,0.175248797278457,51.45670527269354
0.47700000000000004,0.17512762213606375,51.405160821279246
0.47800000000000004,0.17500644699367054,51.35361636986496
0.47900000000000004,0.17488527185127734,51.30207191845067
0.48,0.17476409670888413,51.250527467036385
0.481,0.17464250521816885,51.19910960401327
0.482,0.17451670398330854,51.14897169027874
0.483,0.17439090274844823,51.09883377654422
0.484,0.17426510151358793,51.04869586280969
0.485,0.17413930027872762,50.998557949075156
0.486,0.17401349904386731,50.94842003534063
0.487,0.173887697809007,50.8982821216061
0.488,0.1737618965741467,50.84814420787158
0.489,0.1736360953392864,50.798006294137046
0.49,0.1735102941044261,50.747868380402515
0.491,0.17338449286956575,50.69773046666799
0.492,0.17325869163470545,50.64759255293346
0.493,0.17313289039984514,50.59745463919893
0.494,0.17300708916498483,50.547316725464405
0.495,0.17288128793012453,50.497178811729874
0.496,0.17275548669526422,50.44704089799534
0.497,0.17262968546040391,50.39690298426082
0.498,0.1725038842255436,50.34676507052629
0.499,0.1723780829906833,50.29662715679176
0.5,0.172252281755823,50.24648924305723
0.501,0.1721264805209627,50.1963513293227
0.502,0.17200067928610238,50.14621341558817
0.503,0.17187487805124205,50.09607550185365
0.504,0.17174907681638174,50.045937588119116
0.505,0.17162327558152143,49.995799674384585
0.506,0.17149747434666113,49.94566176065006
0.507,0.17137167311180082,49.89552384691553
0.508,0.17124587187694051,49.845385933181
0.509,0.17111813607724155,49.79735266918659
0.51,0.17099011120463567,49.74963389308437
0.511,0.1708620863320298,49.70191511698216
0.512,0.1707340614594239,49.65419634087994
0.513,0.17060603658681803,49.60647756477773
0.514,0.17047801171421215,49.55875878867551
0.515,0.17034998684160627,49.51104001257329
0.516,0.17022196196900038,49.463321236471074
0.517,0.1700939370963945,49.41560246036886
0.518,0.16996591222378862,49.367883684266644
0.519,0.16983788735118274,49.32016490816443
0.52,0.16970986247857686,49.272446132062214
0.521,0.16958183760597098,49.22472735596
0.522,0.1694538127333651,49.177008579857784
0.523,0.16932578786075922,49.12928980375557
0.524,0.16919776298815334,49.081571027653354
0.525,0.16906973811554746,49.03385225155114
0.526,0.16894171324294158,48.98613347544892
0.527,0.1688136883703357,48.93841469934671
0.528,0.16868566349772982,48.89069592324449
0.529,0.16855763862512393,48.84297714714228
0.53,0.16842961375251805,48.79525837104006
0.531,0.16830158887991217,48.74753959493785
0.532,0.1681735640073063,48.69982081883563
0.533,0.1680455391347004,48.65210204273341
0.534,0.16791751426209453,48.604383266631196
0.535,0.16778948938948865,48.55666449052898
0.536,0.1676569026851825,48.511874669668565
0.537,0.16752185960996077,48.46866197855373
0.538,0.16738681653473902,48.425449287438894
0.539,0.1672517734595173,48.382236596324056
0.54,0.1671167303842956,48.339023905209224
0.541,0.16698168730907387,48.295811214094385
0.542,0.16684664423385215,48.252598522979554
0.543,0.1667116011586304,48.209385831864715
0.544,0.16657655808340868,48.16617314074988
0.545,0.16644151500818696,48.122960449635045
0.546,0.16630647193296524,48.07974775852021
0.547,0.16617142885774353,48.036535067405374
0.548,0.1660363857825218,47.99332237629054
0.549,0.16590134270730006,47.950109685175704
0.55,0.16576629963207834,47.90689699406087
0.551,0.16563125655685662,47.863684302946034
0.552,0.1654962134816349,47.8204716118312
0.553,0.16536117040641318,47.77725892071636
0.554,0.16522612733119144,47.73404622960153
0.555,0.16509108425596972,47.69083353848669
0.556,0.164956041180748,47.64762084737186
0.557,0.16482099810552628,47.60440815625702
0.558,0.16468595503030456,47.56119546514219
0.559,0.1645509119550828,47.51798277402735
0.56,0.1644158688798611,47.47477008291252
0.561,0.16428082580463937,47.43155739179768
0.562,0.16414578272941766,47.38834470068285
0.5630000000000001,0.16400739452263222,47.34568087092876
0.5640000000000001,0.1638645720716809,47.3037446015831
0.5650000000000001,0.1637217496207296,47.26180833223744
0.5660000000000001,0.16357892716977832,47.21987206289179
0.5670000000000001,0.163436104718827,47.177935793546126
0.5680000000000001,0.1632932822678757,47.13599952420047
0.5690000000000001,0.16315045981692441,47.09406325485481
0.5700000000000001,0.1630076373659731,47.052126985509155
0.5710000000000001,0.1628648149150218,47.01019071616349
0.5720000000000001,0.16272199246407051,46.96825444681784
0.5730000000000001,0.1625791700131192,46.92631817747218
0.5740000000000001,0.1624363475621679,46.88438190812652
0.5750000000000001,0.1622935251112166,46.842445638780866
0.5760000000000001,0.1621507026602653,46.800509369435204
0.577,0.162007880209314,46.75857310008955
0.578,0.1618650577583627,46.716636830743894
0.579,0.16172223530741142,46.67470056139824
0.58,0.1615794128564601,46.63276429205258
0.581,0.1614365904055088,46.59082802270692
0.582,0.16129376795455752,46.54889175336126
0.583,0.1611509455036062,46.506955484015606
0.584,0.1610081230526549,46.465019214669944
0.585,0.16086530060170362,46.42308294532429
0.586,0.1607224781507523,46.38114667597863
0.587,0.160579655699801,46.33921040663297
0.588,0.16043683324884972,46.29727413728732
0.589,0.1602940107978984,46.255337867941655
0.59,0.1601518160143241,46.21380061357031
0.591,0.16001198245564424,46.17376441553088
0.592,0.15987214889696436,46.13372821749146
0.593,0.15973231533828447,46.093692019452035
0.594,0.1595924817796046,46.05365582141261
0.595,0.15945264822092473,46.01361962337318
0.596,0.15931281466224484,45.97358342533376
0.597,0.15917298110356498,45.93354722729433
0.598,0.1590331475448851,45.89351102925491
0.599,0.1588933139862052,45.853474831215486
0.6,0.15875348042752532,45.81343863317606
0.601,0.15861364686884546,45.77340243513664
0.602,0.15847381331016558,45.73336623709721
0.603,0.1583339797514857,45.693330039057784
0.604,0.15819414619280583,45.65329384101836
0.605,0.15805431263412595,45.61325764297894
0.606,0.15791447907544606,45.57322144493951
0.607,0.1577746455167662,45.53318524690009
0.608,0.15763481195808632,45.493149048860666
0.609,0.15749497839940643,45.45311285082124
0.61,0.15735514484072657,45.41307665278181
0.611,0.1572153112820467,45.37304045474239
0.612,0.1570754777233668,45.333004256702964
0.613,0.15693564416468694,45.29296805866354
0.614,0.15679581060600706,45.252931860624116
0.615,0.15665597704732717,45.21289566258469
0.616,0.1565161434886473,45.17285946454527
0.617,0.15637630992996743,45.13282326650584
0.618,0.15623975353470937,45.09457209248612
0.619,0.15610323024211215,45.05633894901205
0.62,0.15596670694951492,45.018105805537985
0.621,0.1558301836569177,44.97987266206392
0.622,0.15569366036432047,44.94163951858985
0.623,0.15555713707172322,44.903406375115786
0.624,0.155420613779126,44.86517323164172
0.625,0.15528409048652878,44.82694008816765
0.626,0.15514756719393155,44.78870694469359
0.627,0.15501104390133433,44.75047380121952
0.628,0.1548745206087371,44.712240657745454
0.629,0.15473799731613988,44.67400751427139
0.63,0.15460147402354263,44.63577437079732
0.631,0.1544649507309454,44.597541227323255
0.632,0.15432842743834818,44.55930808384919
0.633,0.15419190414575096,44.52107494037512
0.634,0.15405538085315373,44.482841796901056
0.635,0.1539188575605565,44.44460865342699
0.636,0.1537823342679593,44.40637550995292
0.637,0.15364581097536203,44.36814236647886
0.638,0.1535092876827648,44.32990922300479
0.639,0.1533727643901676,44.291676079530724
0.64,0.15323624109757036,44.25344293605666
0.641,0.15309971780497314,44.21520979258259
0.642,0.15296319451237592,44.176976649108525
0.643,0.1528266712197787,44.13874350563446
0.644,0.15269014792718144,44.10051036216039
0.645,0.152556341602833,44.0636978169375
0.646,0.15242334684042894,44.02730960625716
0.647,0.1522903520780249,43.99092139557683
0.648,0.15215735731562086,43.95453318489649
0.649,0.1520243625532168,43.918144974216155
0.65,0.15189136779081278,43.881756763535826
0.651,0.15175837302840872,43.84536855285549
0.652,0.1516253782660047,43.808980342175154
0.653,0.15149238350360064,43.77259213149482
0.654,0.15135938874119662,43.73620392081448
0.655,0.15122639397879256,43.69981571013415
0.656,0.15109339921638854,43.66342749945382
0.657,0.15096040445398448,43.62703928877348
0.658,0.15082740969158046,43.590651078093146
0.659,0.1506944149291764,43.55426286741281
0.66,0.15056142016677238,43.517874656732474
0.661,0.15042842540436832,43.481486446052145
0.662,0.1502954306419643,43.44509823537181
0.663,0.15016243587956024,43.40871002469147
0.664,0.15002944111715621,43.37232181401114
0.665,0.14989644635475216,43.3359336033308
0.666,0.14976345159234813,43.29954539265047
0.667,0.14963045682994408,43.263157181970136
0.668,0.14949746206754005,43.2267689712898
0.669,0.149364467305136,43.190380760609465
0.67,0.14923147254273197,43.15399254992913
0.671,0.14909847778032792,43.11760433924879
0.672,0.14896743854034464,43.081906680923844
0.673,0.14883799927325106,43.04677401998057
0.674,0.14870856000615748,43.0116413590373
0.675,0.1485791207390639,42.97650869809402
0.676,0.14844968147197032,42.94137603715075
0.677,0.14832024220487675,42.90624337620748
0.678,0.14819080293778317,42.8711107152642
0.679,0.1480613636706896,42.835978054320925
0.68,0.147931924403596,42.80084539337766
0.681,0.14780248513650243,42.76571273243438
0.682,0.14767304586940885,42.730580071491104
0.683,0.14754360660231527,42.69544741054783
0.684,0.1474141673352217,42.66031474960456
0.685,0.14728472806812812,42.62518208866128
0.686,0.14715528880103454,42.59004942771801
0.687,0.14702584953394096,42.55491676677474
0.6880000000000001,0.14689641026684738,42.51978410583146
0.6890000000000001,0.1467669709997538,42.484651444888186
0.6900000000000001,0.14663753173266023,42.44951878394491
0.6910000000000001,0.14650809246556665,42.41438612300164
0.6920000000000001,0.14637865319847307,42.379253462058365
0.6930000000000001,0.1462492139313795,42.34412080111509
0.6940000000000001,0.14611977466428588,42.30898814017182
0.6950000000000001,0.1459903353971923,42.273855479228544
0.6960000000000001,0.14586089613009873,42.23872281828527
0.6970000000000001,0.14573145686300515,42.203590157342
0.6980000000000001,0.14560201759591157,42.16845749639872
0.6990000000000001,0.1454737436471474,42.133470177829416
0.7000000000000001,0.14534783564771872,42.0987779483224
0.7010000000000001,0.14522192764829003,42.064085718815384
0.7020000000000001,0.14509601964886135,42.02939348930837
0.7030000000000001,0.14497011164943263,41.99470125980136
0.704,0.14484420365000397,41.960009030294344
0.705,0.14471829565057526,41.925316800787336
0.706,0.14459238765114657,41.89062457128032
0.707,0.14446647965171788,41.855932341773304
0.708,0.1443405716522892,41.82124011226629
0.709,0.14421466365286048,41.78654788275927
0.71,0.1440887556534318,41.751855653252264
0.711,0.1439628476540031,41.71716342374525
0.712,0.14383693965457442,41.68247119423823
0.713,0.1437110316551457,41.647778964731216
0.714,0.14358512365571702,41.61308673522421
0.715,0.14345921565628833,41.57839450571719
0.716,0.14333330765685964,41.543702276210176
0.717,0.14320739965743096,41.50901004670316
0.718,0.14308149165800224,41.474317817196145
0.719,0.14295558365857355,41.439625587689136
0.72,0.14282967565914487,41.40493335818212
0.721,0.14270376765971618,41.370241128675104
0.722,0.14257785966028746,41.33554889916809
0.723,0.14245195166085878,41.30085666966108
0.724,0.1423260436614301,41.266164440154064
0.725,0.1422001356620014,41.23147221064705
0.726,0.14207462627537013,41.19682467367463
0.727,0.14195234202864526,41.16253873993664
0.728,0.1418300577819204,41.12825280619866
0.729,0.14170777353519556,41.093966872460676
0.73,0.1415854892884707,41.05968093872269
0.731,0.14146320504174584,41.02539500498471
0.732,0.14134092079502097,40.991109071246726
0.733,0.1412186365482961,40.95682313750874
0.734,0.14109635230157128,40.922537203770766
0.735,0.1409740680548464,40.88825127003278
0.736,0.14085178380812155,40.8539653362948
0.737,0.1407294995613967,40.819679402556815
0.738,0.14060721531467182,40.78539346881883
0.739,0.140484931067947,40.75110753508085
0.74,0.14036264682122213,40.716821601342865
0.741,0.14024036257449726,40.68253566760488
0.742,0.1401180783277724,40.6482497338669
0.743,0.13999579408104754,40.613963800128914
0.744,0.1398735098343227,40.57967786639093
0.745,0.13975122558759784,40.54539193265295
0.746,0.13962894134087298,40.511105998914964
0.747,0.1395066570941481,40.47682006517698
0.748,0.13938437284742328,40.442534131439
0.749,0.1392620886006984,40.40824819770101
0.75,0.13913980435397355,40.37396226396303
0.751,0.1390175201072487,40.339676330225046
0.752,0.13889523586052382,40.30539039648706
0.753,0.138772951613799,40.27110446274908
0.754,0.13865404259021122,40.23774940111663
0.755,0.1385355507290337,40.20450939109273
0.756,0.13841705886785616,40.171269381068825
0.757,0.1382985670066786,40.13802937104492
0.758,0.13818007514550107,40.10478936102101
0.759,0.13806158328432352,40.07154935099711
0.76,0.13794309142314598,40.03830934097321
0.761,0.13782459956196844,40.005069330949304
0.762,0.1377061077007909,39.9718293209254
0.763,0.13758761583961338,39.9385893109015
0.764,0.13746912397843583,39.905349300877596
0.765,0.1373506321172583,39.87210929085369
0.766,0.13723214025608074,39.83886928082979
0.767,0.1371136483949032,39.80562927080589
0.768,0.13699515653372565,39.772389260781985
0.769,0.1368766646725481,39.739149250758075
0.77,0.13675817281137057,39.70590924073417
0.771,0.13663968095019305,39.67266923071027
0.772,0.1365211890890155,39.63942922068637
0.773,0.13640269722783796,39.606189210662464
0.774,0.13628420536666042,39.57294920063856
0.775,0.13616571350548287,39.53970919061466
0.776,0.13604722164430533,39.506469180590756
0.777,0.13592872978312778,39.47322917056685
0.778,0.13581023792195024,39.43998916054295
0.779,0.13569174606077272,39.40674915051904
0.78,0.13557325419959518,39.37350914049514
0.781,0.13545746344518975,39.342412116672314
0.782,0.13534300308665717,39.31237059351568
0.783,0.1352285427281246,39.282329070359054
0.784,0.13511408236959202,39.25228754720243
0.785,0.13499962201105944,39.222246024045795
0.786,0.13488516165252687,39.19220450088917
0.787,0.1347707012939943,39.16216297773254
0.788,0.13465624093546172,39.13212145457591
0.789,0.13454178057692912,39.10207993141928
0.79,0.13442732021839654,39.07203840826266
0.791,0.13431285985986396,39.04199688510602
0.792,0.1341983995013314,39.0119553619494
0.793,0.1340839391427988,38.98191383879277
0.794,0.13396947878426624,38.95187231563614
0.795,0.13385501842573366,38.92183079247951
0.796,0.1337405580672011,38.891789269322885
0.797,0.1336260977086685,38.86174774616625
0.798,0.13351163735013594,38.831706223009625
0.799,0.13339717699160336,38.801664699853
0.8,0.13328271663307076,38.771623176696366
0.801,0.13316825627453818,38.74158165353974
0.802,0.1330537959160056,38.71154013038311
0.803,0.13293933555747303,38.68149860722648
0.804,0.13282487519894046,38.651457084069854
0.805,0.13271041484040788,38.62141556091323
0.806,0.1325959544818753,38.591374037756594
0.807,0.13248149412334273,38.56133251459997
0.808,0.13236867650953602,38.53212789800812
0.809,0.13225786669483872,38.50394616721768
0.81,0.13214705688014142,38.475764436427234
0.811,0.13203624706544412,38.44758270563679
0.812,0.13192543725074682,38.41940097484635
0.8130000000000001,0.13181462743604952,38.391219244055904
0.8140000000000001,0.13170381762135225,38.36303751326545
0.8150000000000001,0.13159300780665495,38.33485578247501
0.8160000000000001,0.13148219799195765,38.30667405168457
0.8170000000000001,0.13137138817726035,38.278492320894124
0.8180000000000001,0.13126057836256305,38.25031059010368
0.8190000000000001,0.13114976854786575,38.22212885931324
0.8200000000000001,0.13103895873316845,38.19394712852279
0.8210000000000001,0.13092814891847115,38.16576539773234
0.8220000000000001,0.13081733910377386,38.1375836669419
0.8230000000000001,0.13070652928907656,38.10940193615146
0.8240000000000001,0.13059571947437926,38.081220205361014
0.8250000000000001,0.13048490965968196,38.05303847457057
0.8260000000000001,0.13037409984498466,38.02485674378013
0.8270000000000001,0.13026329003028736,37.99667501298968
0.8280000000000001,0.13015248021559006,37.96849328219923
0.8290000000000001,0.13004167040089276,37.94031155140879
0.8300000000000001,0.12993086058619546,37.91212982061835
0.8310000000000001,0.12982005077149816,37.8839480898279
0.8320000000000001,0.12970924095680086,37.85576635903746
0.833,0.1295984311421036,37.82758462824702
0.834,0.1294876213274063,37.799402897456574
0.835,0.12937746960127833,37.770221851252856
0.836,0.1292695210412303,37.7376952708395
0.837,0.12916157248118224,37.70516869042614
0.838,0.1290536239211342,37.67264211001278
0.839,0.12894567536108617,37.64011552959943
0.84,0.12883772680103814,37.607588949186066
0.841,0.12872977824099008,37.57506236877271
0.842,0.12862182968094205,37.54253578835935
0.843,0.128513881120894,37.510009207946
0.844,0.12840593256084598,37.47748262753264
0.845,0.12829798400079792,37.444956047119284
0.846,0.1281900354407499,37.41242946670592
0.847,0.12808208688070186,37.37990288629256
0.848,0.12797413832065382,37.34737630587921
0.849,0.12786618976060576,37.31484972546585
0.85,0.12775824120055773,37.282323145052494
0.851,0.1276502926405097,37.249796564639134
0.852,0.12754234408046167,37.21726998422578
0.853,0.1274343955204136,37.18474340381242
0.854,0.12732644696036557,37.152216823399066
0.855,0.12721849840031754,37.119690242985705
0.856,0.1271105498402695,37.087163662572344
0.857,0.12700260128022145,37.05463708215899
0.858,0.12689465272017342,37.02211050174563
0.859,0.12678670416012539,36.989583921332276
0.86,0.12667875560007735,36.957057340918915
0.861,0.1265708070400293,36.92453076050556
0.862,0.12646289822001128,36.89205628893032
0.863,0.12635892366296514,36.86474059232873
0.864,0.12625494910591897,36.83742489572714
0.865,0.12615097454887284,36.81010919912555
0.866,0.12604699999182667,36.782793502523965
0.867,0.12594302543478053,36.755477805922375
0.868,0.12583905087773437,36.728162109320785
0.869,0.1257350763206882,36.700846412719194
0.87,0.12563110176364206,36.673530716117604
0.871,0.1255271272065959,36.64621501951601
0.872,0.12542315264954976,36.61889932291443
0.873,0.1253191780925036,36.59158362631284
0.874,0.12521520353545745,36.56426792971125
0.875,0.1251112289784113,36.53695223310966
0.876,0.12500725442136515,36.50963653650807
0.877,0.12490327986431898,36.48232083990648
0.878,0.12479930530727283,36.455005143304895
0.879,0.12469533075022668,36.427689446703305
0.88,0.12459135619318053,36.400373750101714
0.881,0.12448738163613438,36.373058053500124
0.882,0.12438340707908822,36.34574235689853
0.883,0.12427943252204207,36.31842666029694
0.884,0.12417545796499592,36.29111096369536
0.885,0.12407148340794977,36.26379526709377
0.886,0.12396750885090362,36.23647957049218
0.887,0.12386353429385746,36.20916387389059
0.888,0.12375955973681131,36.181848177289
0.889,0.12365558517976516,36.15453248068741
0.89,0.12355404778392579,36.12618984229153
0.891,0.12345315824106544,36.097574219368056
0.892,0.12335226869820509,36.06895859644459
0.893,0.12325137915534475,36.04034297352111
0.894,0.1231504896124844,36.01172735059764
0.895,0.12304960006962405,35.983111727674164
0.896,0.1229487105267637,35.95449610475069
0.897,0.12284782098390336,35.92588048182722
0.898,0.12274693144104301,35.897264858903746
0.899,0.12264604189818266,35.86864923598027
0.9,0.12254515235532232,35.8400336130568
0.901,0.12244426281246197,35.81141799013332
0.902,0.12234337326960162,35.78280236720985
0.903,0.12224248372674128,35.75418674428638
0.904,0.12214159418388093,35.725571121362904
0.905,0.1220407046410206,35.69695549843943
0.906,0.12193981509816025,35.668339875515954
0.907,0.1218389255552999,35.63972425259248
0.908,0.12173803601243956,35.61110862966901
0.909,0.12163714646957921,35.58249300674554
0.91,0.12153625692671886,35.55387738382206
0.911,0.12143536738385852,35.52526176089859
0.912,0.12133447784099817,35.49664613797511
0.913,0.12123358829813782,35.46803051505164
0.914,0.12113269875527748,35.43941489212817
0.915,0.12103180921241713,35.410799269204695
0.916,0.12093091966955678,35.38218364628122
0.917,0.12083191164274573,35.3545895026279
0.918,0.12073432300523503,35.32776594859944
0.919,0.1206367343677243,35.30094239457099
0.92,0.1205391457302136,35.27411884054253
0.921,0.12044155709270289,35.24729528651407
0.922,0.12034396845519219,35.220471732485606
0.923,0.12024637981768148,35.193648178457146
0.924,0.12014879118017077,35.166824624428685
0.925,0.12005120254266007,35.14000107040023
0.926,0.11995361390514934,35.11317751637177
0.927,0.11985602526763864,35.08635396234331
0.928,0.11975843663012793,35.05953040831485
0.929,0.11966084799261723,35.03270685428639
0.93,0.11956325935510652,35.00588330025793
0.931,0.11946567071759581,34.979059746229474
0.932,0.1193680820800851,34.95223619220101
0.933,0.1192704934425744,34.92541263817255
0.934,0.11917290480506368,34.89858908414409
0.935,0.11907531616755297,34.87176553011563
0.936,0.11897772753004227,34.84494197608717
0.937,0.11888013889253156,34.81811842205872
0.9380000000000001,0.11878255025502085,34.791294868030256
0.9390000000000001,0.11868496161751015,34.764471314001796
0.9400000000000001,0.11858737297999944,34.737647759973335
0.9410000000000001,0.11848978434248872,34.710824205944874
0.9420000000000001,0.11839219570497801,34.68400065191641
0.9430000000000001,0.1182946070674673,34.65717709788795
0.9440000000000001,0.11819804673182699,34.63030058699135
0.9450000000000001,0.11810339609966025,34.60332572762533
0.9460000000000001,0.11800874546749351,34.57635086825932
0.9470000000000001,0.11791409483532678,34.549376008893304
0.9480000000000001,0.11781944420316004,34.52240114952729
0.9490000000000001,0.1177247935709933,34.49542629016127
0.9500000000000001,0.11763014293882657,34.468451430795255
0.9510000000000001,0.11753549230665983,34.44147657142924
0.9520000000000001,0.11744084167449309,34.41450171206322
0.9530000000000001,0.11734619104232635,34.387526852697206
0.9540000000000001,0.11725154041015962,34.36055199333119
0.9550000000000001,0.11715688977799288,34.33357713396517
0.9560000000000001,0.11706223914582614,34.30660227459916
0.9570000000000001,0.1169675885136594,34.27962741523314
0.9580000000000001,0.11687293788149267,34.25265255586712
0.9590000000000001,0.11677828724932592,34.22567769650111
0.96,0.11668363661715919,34.198702837135095
0.961,0.11658898598499245,34.17172797776908
0.962,0.11649433535282572,34.14475311840307
0.963,0.11639968472065898,34.117778259037046
0.964,0.11630503408849224,34.09080339967103
0.965,0.1162103834563255,34.06382854030502
0.966,0.11611573282415877,34.036853680939
0.967,0.11602108219199203,34.00987882157298
0.968,0.1159264315598253,33.98290396220697
0.969,0.11583178092765856,33.95592910284095
0.97,0.11573713029549182,33.928954243474934
0.971,0.11564285103668823,33.90202634168752
0.972,0.1155510571226996,33.8754126944646
0.973,0.11545926320871096,33.84879904724168
0.974,0.11536746929472233,33.82218540001876
0.975,0.11527567538073369,33.79557175279584
0.976,0.11518388146674505,33.76895810557292
0.977,0.11509208755275642,33.74234445835
0.978,0.11500029363876778,33.715730811127074
0.979,0.11490849972477915,33.68911716390416
0.98,0.11481670581079051,33.662503516681234
0.981,0.11472491189680187,33.63588986945832
0.982,0.11463311798281324,33.609276222235394
0.983,0.1145413240688246,33.58266257501247
0.984,0.11444953015483597,33.556048927789554
0.985,0.11435773624084733,33.52943528056663
0.986,0.11426594232685869,33.502821633343714
0.987,0.11417414841287006,33.47620798612079
0.988,0.11408235449888142,33.449594338897874
0.989,0.11399056058489279,33.42298069167495
0.99,0.11389876667090415,33.39636704445203
0.991,0.11380697275691551,33.36975339722911
0.992,0.11371517884292688,33.34313975000619
0.993,0.11362338492893824,33.31652610278327
0.994,0.11353159101494961,33.28991245556035
0.995,0.11343979710096097,33.263298808337424
0.996,0.11334800318697234,33.23668516111451
0.997,0.1132562092729837,33.210071513891585
0.998,0.11316441535899506,33.18345786666867
0.999,0.11307509400020678,33.15723703433381
1.0,0.11298601717984491,33.131055051823054
1.0010000000000001,0.11289694035948303,33.10487306931229
1.002,0.11280786353912116,33.078691086801534
1.0030000000000001,0.11271878671875928,33.05250910429077
1.004,0.1126297098983974,33.026327121780014
1.0050000000000001,0.11254063307803552,33.00014513926926
1.006,0.11245155625767365,32.9739631567585
1.0070000000000001,0.11236247943731177,32.94778117424774
1.008,0.1122734026169499,32.92159919173698
1.0090000000000001,0.11218432579658802,32.89541720922622
1.01,0.11209524897622615,32.86923522671546
1.0110000000000001,0.11200617215586427,32.8430532442047
1.012,0.11191709533550241,32.81687126169394
1.0130000000000001,0.11182801851514051,32.790689279183184
1.014,0.11173894169477866,32.76450729667243
1.0150000000000001,0.11164986487441678,32.73832531416166
1.016,0.11156078805405491,32.71214333165091
1.0170000000000001,0.11147171123369302,32.68596134914014
1.018,0.11138263441333116,32.65977936662939
1.0190000000000001,0.11129355759296927,32.63359738411862
1.02,0.1112044807726074,32.60741540160787
1.0210000000000001,0.11111540395224552,32.5812334190971
1.022,0.11102632713188365,32.55505143658635
1.0230000000000001,0.11093725031152177,32.52886945407559
1.024,0.1108481734911599,32.50268747156483
1.025,0.11075909667079804,32.47650548905408
1.026,0.11067174913783015,32.45027489402408
1.027,0.11058517853108277,32.42402245858691
1.028,0.11049860792433537,32.39777002314973
1.029,0.11041203731758799,32.37151758771256
1.03,0.11032546671084058,32.34526515227538
1.031,0.1102388961040932,32.31901271683821
1.032,0.1101523254973458,32.29276028140103
1.033,0.11006575489059842,32.26650784596386
1.034,0.10997918428385102,32.24025541052668
1.035,0.10989261367710364,32.21400297508951
1.036,0.10980604307035623,32.18775053965233
1.037,0.10971947246360884,32.161498104215156
1.038,0.10963290185686145,32.135245668777976
1.039,0.10954633125011407,32.108993233340804
1.04,0.10945976064336667,32.082740797903625
1.041,0.10937319003661929,32.05648836246645
1.042,0.10928661942987189,32.030235927029274
1.043,0.10920004882312451,32.0039834915921
1.044,0.1091134782163771,31.97773105615492
1.045,0.10902690760962971,31.951478620717747
1.046,0.10894033700288232,31.925226185280568
1.047,0.10885376639613493,31.898973749843396
1.048,0.10876719578938754,31.872721314406217
1.049,0.10868062518264016,31.846468878969045
1.05,0.10859405457589275,31.820216443531866
1.051,0.10850748396914536,31.79396400809469
1.052,0.10842091336239797,31.767711572657515
1.053,0.10833547734255859,31.741782045722097
1.054,0.10825132075050908,31.71621664965036
1.055,0.10816716415845959,31.69065125357863
1.056,0.10808300756641007,31.66508585750689
1.057,0.10799885097436057,31.639520461435158
1.058,0.10791469438231106,31.61395506536342
1.059,0.10783053779026157,31.58838966929169
1.06,0.10774638119821205,31.562824273219952
1.061,0.10766222460616255,31.537258877148222
1.062,0.10757806801411304,31.511693481076485
1.063,0.10749391142206355,31.48612808500475
1.064,0.10740975483001403,31.460562688933013
1.065,0.10732559823796453,31.434997292861283
1.066,0.10724144164591502,31.409431896789545
1.067,0.10715728505386553,31.383866500717815
1.068,0.107073128461816,31.358301104646078
1.069,0.10698897186976651,31.332735708574344
1.07,0.106904815277717,31.307170312502606
1.071,0.10682065868566751,31.281604916430876
1.072,0.10673650209361799,31.25603952035914
1.073,0.10665234550156849,31.230474124287404
1.074,0.10656818890951898,31.204908728215667
1.075,0.10648403231746949,31.179343332143937
1.076,0.10639987572541997,31.1537779360722
1.077,0.10631571913337047,31.12821254000047
1.078,0.10623156254132096,31.10264714392873
1.079,0.10614740594927147,31.077081747856997
1.08,0.1060637889044376,31.051691082031045
1.081,0.10598179050125069,31.02682460694245
1.082,0.10589979209806376,31.001958131853847
1.083,0.10581779369487684,30.977091656765253
1.084,0.10573579529168992,30.952225181676653
1.085,0.105653796888503,30.927358706588056
1.086,0.10557179848531607,30.902492231499455
1.087,0.10548980008212916,30.87762575641086
1.088,0.10540780167894223,30.85275928132226
1.089,0.10532580327575532,30.827892806233663
1.09,0.10524380487256839,30.803026331145062
1.091,0.10516180646938147,30.77815985605647
1.092,0.10507980806619455,30.753293380967868
1.093,0.10499780966300763,30.72842690587927
1.094,0.1049158112598207,30.70356043079067
1.095,0.10483381285663379,30.678693955702077
1.096,0.10475181445344686,30.653827480613476
1.097,0.10466981605025995,30.62896100552488
1.098,0.10458781764707302,30.604094530436278
1.099,0.10450581924388612,30.579228055347684
1.1,0.10442382084069918,30.554361580259084
1.101,0.10434182243751228,30.529495105170486
1.102,0.10425982403432534,30.504628630081886
1.103,0.10417782563113843,30.479762154993292
1.104,0.1040958272279515,30.454895679904688
1.105,0.10401382882476459,30.430029204816094
1.106,0.10393183042157766,30.405162729727493
1.107,0.10384975073858413,30.380231929131362
1.108,0.10376504300850999,30.353221270458317
1.109,0.10368033527843584,30.326210611785275
1.11,0.1035956275483617,30.299199953112225
1.111,0.10351091981828756,30.272189294439183
1.112,0.10342621208821341,30.245178635766134
1.113,0.10334150435813928,30.218167977093092
1.114,0.10325679662806513,30.191157318420043
1.115,0.103172088897991,30.164146659747
1.116,0.10308738116791684,30.137136001073955
1.117,0.10300267343784271,30.11012534240091
1.118,0.10291796570776855,30.083114683727864
1.119,0.10283325797769442,30.05610402505482
1.12,0.10274855024762028,30.029093366381773
1.121,0.10266384251754614,30.00208270770873
1.122,0.10257913478747199,29.97507204903568
1.123,0.10249442705739786,29.94806139036264
1.124,0.1024097193273237,29.92105073168959
1.125,0.10232501159724958,29.894040073016548
1.1260000000000001,0.10224030386717542,29.8670294143435
1.127,0.10215559613710129,29.840018755670457
1.1280000000000001,0.10207088840702713,29.81300809699741
1.129,0.101986180676953,29.78599743832437
1.1300000000000001,0.10190147294687886,29.75898677965132
1.131,0.10181676521680472,29.731976120978278
1.1320000000000001,0.10173205748673057,29.70496546230523
1.133,0.10164734975665643,29.677954803632186
1.1340000000000001,0.10156264202658229,29.650944144959137
1.135,0.10147249728522989,29.625536220189694
1.1360000000000001,0.10138107719555293,29.60050424534825
1.137,0.10128965710587601,29.575472270506815
1.1380000000000001,0.10119823701619905,29.55044029566537
1.139,0.10110681692652213,29.52540832082393
1.1400000000000001,0.10101539683684518,29.500376345982488
1.141,0.10092397674716824,29.475344371141052
1.1420000000000001,0.1008325566574913,29.450312396299605
1.143,0.10074113656781437,29.42528042145817
1.1440000000000001,0.10064971647813742,29.400248446616725
1.145,0.10055829638846049,29.375216471775285
1.1460000000000001,0.10046687629878354,29.350184496933842
1.147,0.10037545620910661,29.325152522092406
1.1480000000000001,0.10028403611942967,29.300120547250962
1.149,0.10019261602975273,29.275088572409523
1.1500000000000001,0.10010119594007579,29.25005659756808
1.151,0.10000977585039886,29.22502462272664
1.1520000000000001,0.0999183557607219,29.199992647885196
1.153,0.09982693567104498,29.17496067304376
1.154,0.09973551558136805,29.14992869820232
1.155,0.09964409549169109,29.124896723360877
1.156,0.09955267540201417,29.09986474851944
1.157,0.09946125531233721,29.074832773677997
1.158,0.09936983522266028,29.049800798836557
1.159,0.09927841513298334,29.024768823995114
1.16,0.09918699504330641,28.999736849153674
1.161,0.09909557495362946,28.97470487431223
1.162,0.09900401410648589,28.950162188621878
1.163,0.09891235544483158,28.925959517426342
1.164,0.09882069678317729,28.901756846230807
1.165,0.09872903812152298,28.87755417503527
1.166,0.0986373794598687,28.85335150383974
1.167,0.09854572079821439,28.8291488326442
1.168,0.09845406213656009,28.80494616144867
1.169,0.09836240347490578,28.780743490253133
1.17,0.0982707448132515,28.756540819057598
1.171,0.09817908615159719,28.732338147862063
1.172,0.0980874274899429,28.70813547666653
1.173,0.0979957688282886,28.68393280547099
1.174,0.0979041101666343,28.65973013427546
1.175,0.09781245150498,28.635527463079924
1.176,0.09772079284332572,28.611324791884392
1.177,0.0976291341816714,28.587122120688853
1.178,0.09753747552001711,28.56291944949332
1.179,0.0974458168583628,28.538716778297783
1.18,0.09735415819670852,28.51451410710225
1.181,0.09726249953505421,28.490311435906715
1.182,0.09717084087339992,28.466108764711183
1.183,0.09707918221174561,28.441906093515644
1.184,0.09698752355009133,28.417703422320113
1.185,0.09689586488843702,28.393500751124574
1.186,0.09680420622678272,28.36929807992904
1.187,0.09671254756512841,28.345095408733506
1.188,0.09662088890347413,28.320892737537974
1.189,0.096528545137454,28.296304139351818
1.19,0.09643503484237856,28.271058422235697
1.191,0.09634152454730312,28.245812705119572
1.192,0.09624801425222768,28.22056698800345
1.193,0.09615450395715222,28.195321270887327
1.194,0.0960609936620768,28.17007555377121
1.195,0.09596748336700134,28.14482983665508
1.196,0.09587397307192591,28.119584119538963
1.197,0.09578046277685046,28.094338402422835
1.198,0.09568695248177503,28.069092685306718
1.199,0.09559344218669957,28.043846968190593
1.2,0.09549993189162413,28.01860125107447
1.201,0.09540642159654869,27.993355533958347
1.202,0.09531291130147325,27.968109816842226
1.203,0.0952194010063978,27.9428640997261
1.204,0.09512589071132237,27.91761838260998
1.205,0.09503238041624691,27.892372665493856
1.206,0.09493887012117148,27.867126948377734
1.207,0.09484535982609603,27.84188123126161
1.208,0.0947518495310206,27.816635514145492
1.209,0.09465833923594515,27.791389797029364
1.21,0.0945648289408697,27.766144079913246
1.211,0.09447131864579426,27.740898362797118
1.212,0.09437780835071882,27.715652645681
1.213,0.09428429805564337,27.690406928564876
1.214,0.09419078776056794,27.665161211448755
1.215,0.09409727746549248,27.63991549433263
1.216,0.09400336875948141,27.61471185289131
1.217,0.09390720239150167,27.58974664027387
1.218,0.09381103602352196,27.56478142765643
1.219,0.09371486965554224,27.539816215038986
1.22,0.09361870328756253,27.514851002421548
1.221,0.09352253691958279,27.489885789804106
1.222,0.09342637055160308,27.464920577186668
1.223,0.09333020418362334,27.439955364569222
1.224,0.09323403781564363,27.414990151951784
1.225,0.0931378714476639,27.390024939334342
1.226,0.09304170507968418,27.365059726716904
1.227,0.09294553871170445,27.34009451409946
1.228,0.09284937234372474,27.31512930148202
1.229,0.092753205975745,27.29016408886458
1.23,0.09265703960776529,27.26519887624714
1.231,0.09256087323978555,27.240233663629695
1.232,0.09246470687180584,27.215268451012257
1.233,0.09236854050382612,27.190303238394815
1.234,0.09227237413584641,27.165338025777377
1.235,0.09217620776786667,27.14037281315993
1.236,0.09208004139988696,27.115407600542493
1.237,0.09198387503190722,27.090442387925048
1.238,0.09188770866392751,27.065477175307613
1.239,0.09179154229594777,27.040511962690168
1.24,0.09169537592796806,27.01554675007273
1.241,0.09159920955998833,26.990581537455284
1.242,0.09150304319200862,26.965616324837846
1.243,0.09140687682402888,26.940651112220404
1.244,0.09130209552244607,26.914926055016675
1.245,0.09119666578500063,26.88914380520967
1.246,0.09109123604755523,26.863361555402673
1.247,0.09098580631010979,26.83757930559567
1.248,0.09088037657266437,26.811797055788674
1.249,0.09077494683521894,26.78601480598167
1.25,0.09066951709777353,26.76023255617467
1.2510000000000001,0.0905640873603281,26.734450306367666
1.252,0.09045865762288269,26.70866805656067
1.2530000000000001,0.09035322788543725,26.682885806753667
1.254,0.09024779814799185,26.65710355694667
1.2550000000000001,0.0901423684105464,26.631321307139665
1.256,0.090036938673101,26.605539057332667
1.2570000000000001,0.08993150893565556,26.579756807525662
1.258,0.08982607919821015,26.553974557718664
1.2590000000000001,0.08972064946076472,26.528192307911663
1.26,0.0896152197233193,26.502410058104665
1.2610000000000001,0.08950978998587387,26.47662780829766
1.262,0.08940436024842846,26.450845558490663
1.2630000000000001,0.08929893051098303,26.425063308683658
1.264,0.08919350077353762,26.39928105887666
1.2650000000000001,0.08908807103609218,26.37349880906966
1.266,0.08898264129864678,26.347716559262658
1.2670000000000001,0.08887721156120133,26.321934309455656
1.268,0.08877178182375592,26.29615205964866
1.2690000000000001,0.08866635208631049,26.270369809841654
1.27,0.08856092234886508,26.244587560034656
1.2710000000000001,0.08843051102539605,26.220543478721662
1.272,0.08828989595552306,26.19720935355411
1.2730000000000001,0.08814928088565004,26.173875228386557
1.274,0.08800866581577704,26.15054110321901
1.2750000000000001,0.08786805074590402,26.127206978051454
1.276,0.08772743567603104,26.103872852883903
1.2770000000000001,0.08758682060615802,26.08053872771635
1.278,0.08744620553628503,26.057204602548797
1.2790000000000001,0.08730559046641201,26.033870477381242
1.28,0.08716497539653902,26.010536352213695
1.281,0.08702436032666604,25.987202227046144
1.282,0.08688374525679302,25.96386810187859
1.283,0.08674313018692002,25.940533976711038
1.284,0.086602515117047,25.917199851543483
1.285,0.08646190004717401,25.893865726375935
1.286,0.08632128497730099,25.87053160120838
1.287,0.086180669907428,25.84719747604083
1.288,0.08604005483755497,25.823863350873275
1.289,0.085899439767682,25.800529225705723
1.29,0.08575882469780897,25.77719510053817
1.291,0.08561820962793598,25.75386097537062
1.292,0.08547759455806296,25.730526850203066
1.293,0.08533697948818997,25.707192725035515
1.294,0.08519636441831695,25.68385859986796
1.295,0.08505574934844397,25.66052447470041
1.296,0.08491513427857095,25.637190349532855
1.297,0.08477451920869795,25.613856224365307
1.298,0.0846224395245229,25.59050754377649
1.299,0.084458427282605,25.567143713667587
1.3,0.08429441504068703,25.54377988355868
1.301,0.08413040279876911,25.520416053449782
1.302,0.08396639055685116,25.497052223340877
1.303,0.08380237831493324,25.473688393231974
1.304,0.08363836607301528,25.45032456312307
1.305,0.08347435383109737,25.426960733014166
1.306,0.08331034158917941,25.40359690290526
1.307,0.08314632934726149,25.38023307279636
1.308,0.08298231710534354,25.356869242687452
1.309,0.08281830486342562,25.333505412578553
1.31,0.08265429262150767,25.310141582469647
1.311,0.08249028037958975,25.286777752360745
1.312,0.08232626813767178,25.26341392225184
1.313,0.08216225589575386,25.240050092142937
1.314,0.08199824365383591,25.21668626203403
1.315,0.081834231411918,25.193322431925132
1.316,0.08167021917000004,25.169958601816226
1.317,0.08150620692808212,25.146594771707324
1.318,0.08134219468616416,25.12323094159842
1.319,0.08117818244424625,25.099867111489516
1.32,0.08101417020232829,25.07650328138061
1.321,0.08085015796041037,25.05313945127171
1.322,0.08068614571849242,25.029775621162806
1.323,0.0805221334765745,25.006411791053903
1.324,0.08035812123465655,24.983047960944997
1.325,0.08017969585275367,24.95997480458963
1.326,0.07996230161089146,24.937687543938253
1.327,0.07974490736902931,24.915400283286885
1.328,0.07952751312716712,24.893113022635507
1.329,0.07931011888530497,24.87082576198414
1.33,0.07909272464344276,24.848538501332765
1.331,0.07887533040158061,24.826251240681394
1.332,0.0786579361597184,24.80396398003002
1.333,0.07844054191785625,24.78167671937865
1.334,0.07822314767599406,24.759389458727274
1.335,0.07800575343413191,24.737102198075902
1.336,0.0777883591922697,24.714814937424528
1.337,0.07757096495040755,24.692527676773157
1.338,0.07735357070854534,24.670240416121782
1.339,0.07713617646668319,24.64795315547041
1.34,0.076918782224821,24.625665894819036
1.341,0.07670138798295884,24.603378634167665
1.342,0.07648399374109664,24.58109137351629
1.343,0.07626659949923449,24.55880411286492
1.344,0.07604920525737228,24.536516852213545
1.345,0.07583181101551013,24.514229591562174
1.346,0.07561441677364794,24.4919423309108
1.347,0.07539702253178578,24.469655070259428
1.348,0.07517962828992358,24.447367809608053
1.349,0.07496223404806143,24.425080548956686
1.35,0.07474483980619923,24.402793288305308
1.351,0.07452744556433707,24.38050602765394
1.352,0.0743020288073177,24.358816269651093
1.353,0.07392418426231322,24.348479061970238
1.354,0.07354633971730866,24.338141854289383
1.355,0.07316849517230417,24.327804646608527
1.356,0.07279065062729961,24.31746743892767
1.357,0.07241280608229513,24.30713023124682
1.358,0.07203496153729057,24.29679302356596
1.359,0.07165711699228608,24.28645581588511
1.36,0.07127927244728152,24.27611860820425
1.361,0.07090142790227703,24.265781400523398
1.362,0.07052358335727246,24.255444192842543
1.363,0.07014573881226799,24.245106985161687
1.364,0.06976789426726342,24.23476977748083
1.365,0.06939004972225894,24.224432569799976
1.366,0.06901220517725437,24.21409536211912
1.367,0.0686343606322499,24.203758154438265
1.368,0.06825651608724533,24.19342094675741
1.369,0.06787867154224084,24.183083739076555
1.37,0.06750082699723628,24.1727465313957
1.371,0.06712298245223179,24.162409323714847
1.372,0.06674513790722723,24.152072116033988
1.373,0.06636729336222275,24.141734908353136
1.374,0.06598944881721819,24.131397700672277
1.375,0.0656116042722137,24.121060492991425
1.3760000000000001,0.06523375972720913,24.11072328531057
1.377,0.06485591518220465,24.100386077629715
1.3780000000000001,0.0644780706372001,24.09004886994886
1.379,0.06410022609219561,24.079711662268004
1.3800000000000001,0.06345907322486401,24.070112378988693
1.381,0.06276398973729701,24.06066423685187
1.3820000000000001,0.06206890624972985,24.051216094715045
1.383,0.06137382276216285,24.041767952578223
1.3840000000000001,0.06067873927459569,24.032319810441397
1.385,0.05998365578702868,24.022871668304575
1.3860000000000001,0.05928857229946152,24.01342352616775
1.387,0.05859348881189452,24.003975384030927
1.3880000000000001,0.057898405324327364,23.9945272418941
1.389,0.05720332183676036,23.985079099757275
1.3900000000000001,0.0565082383491932,23.975630957620453
1.391,0.05581315486162619,23.966182815483627
1.3920000000000001,0.05511807137405903,23.9567346733468
1.393,0.05442298788649203,23.94728653120998
1.3940000000000001,0.05372790439892487,23.937838389073153
1.395,0.053032820911357866,23.92839024693633
1.3960000000000001,0.052337737423790706,23.918942104799505
1.397,0.051642653936223706,23.909493962662683
1.3980000000000001,0.05094757044865654,23.900045820525857
1.399,0.05025248696108954,23.890597678389035
1.4000000000000001,0.04955740347352238,23.88114953625221
1.401,0.048862319985955374,23.871701394115387
1.4020000000000001,0.04816723649838822,23.86225325197856
1.403,0.04747215301082121,23.85280510984174
1.4040000000000001,0.046777069523254056,23.843356967704914
1.405,0.04608198603568705,23.833908825568088
1.4060000000000001,0.04538690254811989,23.824460683431266
1.407,0.04469181906055289,23.81501254129444
1.408,0.04399673557298588,23.805564399157618
1.409,0.043301652085418724,23.796116257020792
1.41,0.04260656859785172,23.78666811488397
1.411,0.04191148511028456,23.777219972747144
1.412,0.04121640162271756,23.76777183061032
1.413,0.04052131813515039,23.758323688473496
1.414,0.03982623464758339,23.748875546336674
1.415,0.03913115116001623,23.739427404199848
1.416,0.038436067672449226,23.729979262063022
1.417,0.03774098418488207,23.7205311199262
1.418,0.037045900697315066,23.711082977789374
1.419,0.03635081720974791,23.70163483565255
