”¼Œar[mm],—ƒŒ·’·chord[mm],æ•tŠptheta[deg]
0.0,-0.049721400806770115,nan
0.001,-0.04876495796134679,nan
0.002,-0.047808515115923475,nan
0.003,-0.04685207227050015,nan
0.004,-0.04589562942507684,nan
0.005,-0.04493918657965352,nan
0.006,-0.0439827437342302,nan
0.007,-0.04302630088880688,nan
0.008,-0.04206985804338356,nan
0.009000000000000001,-0.04111341519796024,nan
0.01,-0.04015697235253692,nan
0.011,-0.0392005295071136,nan
0.012,-0.038244086661690276,nan
0.013000000000000001,-0.03728764381626696,nan
0.014,-0.03633120097084364,nan
0.015,-0.035374758125420326,nan
0.016,-0.034418315279997,nan
0.017,-0.033461872434573686,nan
0.018000000000000002,-0.03250542958915036,nan
0.019,-0.03154898674372705,nan
0.02,-0.03059254389830373,nan
0.021,-0.029636101052880413,nan
0.022,-0.02867965820745709,nan
0.023,-0.027723215362033773,nan
0.024,-0.02676677251661045,nan
0.025,-0.025810329671187134,nan
0.026000000000000002,-0.02485388682576381,nan
0.027,-0.023897443980340494,nan
0.028,-0.02294100113491717,nan
0.029,-0.021984558289493854,nan
0.03,-0.021028115444070537,nan
0.031,-0.020071672598647214,nan
0.032,-0.019115229753223897,nan
0.033,-0.018158786907800574,nan
0.034,-0.017202344062377257,nan
0.035,-0.016245901216953934,nan
0.036000000000000004,-0.015289458371530616,nan
0.037,-0.0143330155261073,nan
0.038,-0.01337657268068398,nan
0.039,-0.01242012983526066,nan
0.04,-0.01146368698983734,nan
0.041,-0.01050724414441402,nan
0.042,-0.0095508012989907,nan
0.043000000000000003,-0.00859435845356738,nan
0.044,-0.007637915608144067,nan
0.045,-0.006681472762720747,nan
0.046,-0.005725029917297427,nan
0.047,-0.004768587071874107,nan
0.048,-0.003812144226450787,nan
0.049,-0.002855701381027467,nan
0.05,-0.001899258535604147,nan
0.051000000000000004,-0.000942815690180827,nan
0.052000000000000005,1.3627155242494637e-05,nan
0.053,0.0009700700006658076,nan
0.054,0.0019265128460891276,nan
0.055,0.0028829556915124475,nan
0.056,0.0038393985369357675,nan
0.057,0.0047958413823590874,nan
0.058,0.005752284227782407,nan
0.059000000000000004,0.006708727073205727,nan
0.06,0.007665169918629041,nan
0.061,0.008621612764052362,nan
0.062,0.009578055609475682,nan
0.063,0.010534498454899002,nan
0.064,0.011490941300322322,nan
0.065,0.012447384145745642,nan
0.066,0.013403826991168962,nan
0.067,0.014360269836592282,nan
0.068,0.015316712682015603,nan
0.069,0.016273155527438923,nan
0.07,0.01733757927348035,nan
0.07100000000000001,0.018418495779558546,nan
0.07200000000000001,0.01949941228563674,nan
0.073,0.020580328791714925,nan
0.074,0.02166124529779312,nan
0.075,0.022742161803871317,nan
0.076,0.023831722485685665,82.71684038680537
0.077,0.02498947610941855,82.57342188760077
0.078,0.026147229733151436,82.43000338839617
0.079,0.02730498335688432,82.28658488919157
0.08,0.028462736980617204,82.14316638998697
0.081,0.02962049060435009,81.99974789078237
0.082,0.030778244228082972,81.85632939157777
0.083,0.03198424439395371,81.71282897150455
0.084,0.03327695338030996,81.56918132301709
0.085,0.03456966236666621,81.42553367452962
0.08600000000000001,0.03586237135302246,81.28188602604216
0.08700000000000001,0.037155080339378706,81.1382383775547
0.088,0.03844778932573494,80.99459072906724
0.089,0.039740498312091185,80.85094308057978
0.09,0.04119442258023668,80.73368740418414
0.091,0.0427547087977784,80.63384385875366
0.092,0.044314995015320116,80.53400031332318
0.093,0.04587528123286184,80.43415676789269
0.094,0.04743556745040356,80.3343132224622
0.095,0.048995853667945274,80.23446967703173
0.096,0.05055613988548699,80.13462613160124
0.097,0.05242525033609096,80.11224748749406
0.098,0.05434993092892736,80.1038079554244
0.099,0.056274611521763766,80.09536842335474
0.1,0.05819929211460017,80.08692889128508
0.101,0.06012397270743658,80.07848935921544
0.10200000000000001,0.06204865330027298,80.07004982714578
0.10300000000000001,0.06396123726944689,80.04641136813399
0.10400000000000001,0.06575514355241838,79.87365911236556
0.105,0.06754904983538985,79.70090685659714
0.106,0.06934295611836136,79.52815460082873
0.107,0.07113686240133285,79.35540234506031
0.108,0.07293076868430436,79.18265008929188
0.109,0.07472467496727585,79.00989783352347
0.11,0.07656007715071951,78.8688200565439
0.111,0.07847693424990482,78.789918108298
0.112,0.08039379134909014,78.7110161600521
0.113,0.08231064844827544,78.63211421180618
0.114,0.08422750554746075,78.55321226356028
0.115,0.08614436264664606,78.47431031531438
0.116,0.08806121974583137,78.39540836706848
0.117,0.08978588331481552,78.25826870333445
0.11800000000000001,0.09137279443940657,78.07938784437931
0.11900000000000001,0.09295970556399763,77.90050698542419
0.12,0.09454661668858867,77.72162612646906
0.121,0.09613352781317973,77.54274526751392
0.122,0.09772043893777078,77.3638644085588
0.123,0.09930735006236184,77.18498354960366
0.124,0.10079625002554676,77.03344035546434
0.125,0.1022647186590126,76.88759594945883
0.126,0.10373318729247843,76.7417515434533
0.127,0.10520165592594427,76.5959071374478
0.128,0.1066701245594101,76.45006273144229
0.129,0.10813859319287594,76.30421832543676
0.13,0.10959409058829389,76.1581902436771
0.131,0.1108836455935132,76.00981237899349
0.132,0.11217320059873251,75.86143451430988
0.133,0.1134627556039518,75.71305664962627
0.134,0.11475231060917111,75.56467878494266
0.135,0.11604186561439042,75.41630092025905
0.136,0.11733142061960972,75.26792305557544
0.137,0.11861920739358418,75.12598129690538
0.138,0.11990319316653625,74.99787463226443
0.139,0.12118717893948833,74.86976796762347
0.14,0.1224711647124404,74.74166130298252
0.14100000000000001,0.12375515048539247,74.61355463834157
0.14200000000000002,0.12503913625834454,74.48544797370063
0.14300000000000002,0.12632312203129661,74.35734130905968
0.14400000000000002,0.12763827506617154,74.25709778955807
0.145,0.12897766930476418,74.17852560516484
0.146,0.13031706354335684,74.09995342077161
0.147,0.13165645778194954,74.02138123637837
0.148,0.1329958520205422,73.94280905198515
0.149,0.1343352462591349,73.86423686759191
0.15,0.13567464049772757,73.78566468319869
0.151,0.13686526822066272,73.72744843338415
0.152,0.13802043148011295,73.67408483670447
0.153,0.13917559473956315,73.62072124002479
0.154,0.14033075799901337,73.56735764334512
0.155,0.1414859212584636,73.51399404666545
0.156,0.14264108451791382,73.46063044998577
0.157,0.14378612283739883,73.4044161161099
0.158,0.14474843009751184,73.29675276331227
0.159,0.14571073735762485,73.18908941051464
0.16,0.14667304461773786,73.081426057717
0.161,0.14763535187785085,72.97376270491937
0.162,0.14859765913796386,72.86609935212174
0.163,0.14955996639807687,72.7584359993241
0.164,0.15050032463608307,72.65452049885717
0.165,0.15138885367062693,72.55945496901984
0.166,0.15227738270517083,72.4643894391825
0.167,0.15316591173971472,72.36932390934517
0.168,0.1540544407742586,72.27425837950784
0.169,0.15494296980880248,72.1791928496705
0.17,0.15583149884334635,72.08412731983317
0.171,0.15666781575872707,71.97604556488567
0.17200000000000001,0.157460101255643,71.8569869933706
0.17300000000000001,0.15825238675255895,71.73792842185553
0.17400000000000002,0.15904467224947488,71.61886985034046
0.17500000000000002,0.1598369577463908,71.49981127882539
0.176,0.1606292432433067,71.38075270731032
0.177,0.16142152874022264,71.26169413579525
0.178,0.162181562302917,71.15102484626028
0.179,0.16293289296272617,71.04261933122788
0.18,0.16368422362253535,70.93421381619548
0.181,0.16443555428234452,70.82580830116308
0.182,0.1651868849421537,70.71740278613068
0.183,0.16593821560196287,70.60899727109827
0.184,0.16668394683748958,70.50128042284946
0.185,0.16726298751937643,70.41406465500455
0.186,0.16784202820126332,70.32684888715963
0.187,0.16842106888315017,70.2396331193147
0.188,0.16900010956503705,70.15241735146978
0.189,0.1695791502469239,70.06520158362486
0.19,0.1701581909288108,69.97798581577993
0.191,0.17070889631461342,69.8900972582404
0.192,0.17118582782142192,69.80045702302749
0.193,0.1716627593282304,69.71081678781458
0.194,0.1721396908350389,69.62117655260168
0.195,0.17261662234184744,69.53153631738877
0.196,0.17309355384865593,69.44189608217586
0.197,0.17357048535546443,69.35225584696296
0.198,0.17402741834388535,69.26458895362784
0.199,0.174466075174354,69.1787254492815
0.2,0.17490473200482268,69.09286194493517
0.201,0.17534338883529133,69.00699844058883
0.202,0.17578204566575997,68.92113493624251
0.203,0.17622070249622862,68.83527143189617
0.20400000000000001,0.17665935932669727,68.74940792754984
0.20500000000000002,0.17706839624070583,68.66077100066227
0.20600000000000002,0.17746846034614508,68.57129391645762
0.20700000000000002,0.17786852445158433,68.48181683225299
0.20800000000000002,0.17826858855702354,68.39233974804836
0.209,0.1786686526624628,68.30286266384373
0.21,0.179068716767902,68.21338557963908
0.211,0.17946836838793653,68.12392428821454
0.212,0.179835433660998,68.03571062641687
0.213,0.18020249893405946,67.94749696461922
0.214,0.18056956420712092,67.85928330282155
0.215,0.18093662948018238,67.7710696410239
0.216,0.18130369475324384,67.68285597922623
0.217,0.1816707600263053,67.59464231742858
0.218,0.18202966522871927,67.50590041478043
0.219,0.18236504090703312,67.41563533220415
0.22,0.182700416585347,67.32537024962787
0.221,0.18303579226366085,67.2351051670516
0.222,0.1833711679419747,67.14484008447532
0.223,0.18370654362028857,67.05457500189904
0.224,0.18404191929860242,66.96430991932277
0.225,0.18436517478065972,66.87613817371049
0.226,0.1846764306654282,66.79003893583865
0.227,0.18498768655019668,66.70393969796683
0.228,0.18529894243496514,66.61784046009501
0.229,0.1856101983197336,66.53174122222318
0.23,0.18592145420450207,66.44564198435135
0.231,0.18623271008927056,66.35954274647953
0.232,0.1865273129624627,66.2752001143817
0.233,0.18681629057087487,66.19145085078947
0.234,0.18710526817928705,66.10770158719723
0.23500000000000001,0.18739424578769923,66.023952323605
0.23600000000000002,0.1876832233961114,65.94020306001276
0.23700000000000002,0.18797220100452358,65.85645379642052
0.23800000000000002,0.1882611786129358,65.7727045328283
0.23900000000000002,0.1883841964082576,65.70012543291192
0.24,0.1885059600991984,65.62763074229284
0.241,0.18862772379013917,65.55513605167376
0.242,0.18874948748107997,65.48264136105468
0.243,0.18887125117202078,65.4101466704356
0.244,0.18899301486296158,65.33765197981651
0.245,0.18910718305260824,65.26471001427223
0.246,0.1891969656854685,65.19033206081018
0.247,0.18928674831832878,65.11595410734813
0.248,0.18937653095118906,65.04157615388608
0.249,0.18946631358404933,64.96719820042404
0.25,0.1895560962169096,64.89282024696199
0.251,0.18964587884976986,64.81844229349994
0.252,0.18972815999235546,64.74479774415369
0.253,0.18980239549511277,64.67193979922176
0.254,0.18987663099787008,64.59908185428984
0.255,0.1899508665006274,64.52622390935791
0.256,0.1900251020033847,64.45336596442598
0.257,0.19009933750614202,64.38050801949406
0.258,0.19017357300889934,64.30765007456213
0.259,0.19023723219867178,64.23608784272652
0.26,0.19029692981416466,64.16501094672422
0.261,0.19035662742965753,64.09393405072194
0.262,0.1904163250451504,64.02285715471965
0.263,0.19047602266064328,63.95178025871736
0.264,0.19053572027613616,63.880703362715074
0.265,0.19059541789162907,63.809626466712785
0.266,0.19064038859050234,63.73615677202019
0.267,0.19068494284700335,63.66261941463969
0.268,0.19072949710350434,63.58908205725919
0.269,0.19077405136000536,63.515544699878696
0.27,0.19081860561650638,63.4420073424982
0.271,0.19086315987300737,63.368469985117706
0.272,0.1909048251779122,63.2943215251948
0.273,0.19093609689833893,63.21797450095268
0.274,0.19096736861876562,63.14162747671055
0.275,0.19099864033919234,63.065280452468436
0.276,0.19102991205961906,62.98893342822631
0.277,0.19106118378004575,62.912586403984186
0.278,0.19109245550047246,62.83623937974206
0.279,0.19109805659722076,62.767104340528896
0.28,0.1910738242664509,62.706350797430446
0.281,0.19104959193568102,62.645597254332
0.28200000000000003,0.19102535960491115,62.58484371123356
0.28300000000000003,0.19100112727414129,62.52409016813511
0.28400000000000003,0.19097689494337142,62.46333662503667
0.28500000000000003,0.19095266261260155,62.402583081938225
0.28600000000000003,0.19088838672413147,62.33854555698241
0.28700000000000003,0.1908075557252341,62.273150343414194
0.28800000000000003,0.19072672472633673,62.20775512984598
0.289,0.19064589372743937,62.14235991627776
0.29,0.190565062728542,62.076964702709546
0.291,0.19048423172964465,62.01156948914133
0.292,0.19040340073074727,61.94617427557311
0.293,0.19031663526871864,61.87814326290673
0.294,0.19022957386233438,61.80998080619084
0.295,0.19014251245595015,61.741818349474954
0.296,0.1900554510495659,61.673655892759065
0.297,0.18996838964318163,61.605493436043176
0.298,0.18988132823679738,61.53733097932729
0.299,0.18979333874362328,61.46951327399524
0.3,0.18970157816361952,61.40309639390639
0.301,0.18960981758361575,61.33667951381754
0.302,0.18951805700361202,61.27026263372869
0.303,0.18942629642360825,61.20384575363985
0.304,0.1893345358436045,61.137428873550995
0.305,0.18924277526360073,61.07101199346215
0.306,0.18914906691955996,61.00482869561581
0.307,0.18905290461291888,60.938939685001564
0.308,0.18895674230627776,60.873050674387315
0.309,0.18886057999963668,60.80716166377307
0.31,0.18876441769299557,60.74127265315882
0.311,0.18866825538635448,60.67538364254458
0.312,0.1885720930797134,60.60949463193033
0.313,0.18847372812178093,60.54727815955712
0.314,0.18837436195871607,60.486731022748025
0.315,0.18827499579565118,60.426183885938926
0.316,0.1881756296325863,60.36563674912983
0.317,0.18807626346952142,60.30508961232072
0.318,0.18797689730645653,60.24454247551162
0.319,0.18787753114339165,60.18399533870252
0.32,0.18777375462500498,60.12037345360991
0.321,0.18766965885837789,60.05652899960669
0.322,0.18756556309175076,59.99268454560347
0.323,0.18746146732512364,59.92884009160025
0.324,0.18735737155849652,59.86499563759703
0.325,0.18725327579186943,59.80115118359382
0.326,0.18714849156702243,59.73718686932053
0.327,0.1870405171625368,59.67266714619016
0.328,0.18693254275805118,59.60814742305979
0.329,0.18682456835356556,59.54362769992942
0.33,0.18671659394907997,59.47910797679905
0.331,0.18660861954459435,59.41458825366868
0.332,0.18650064514010872,59.35006853053831
0.333,0.18639130261894013,59.28565098577801
0.334,0.18628009006845925,59.22137310494366
0.335,0.1861688775179784,59.15709522410931
0.336,0.18605766496749754,59.09281734327496
0.337,0.18594645241701668,59.02853946244061
0.338,0.18583523986653583,58.96426158160626
0.339,0.18572402731605497,58.89998370077191
0.34,0.18561159002909008,58.840074039052254
0.341,0.18549854266739724,58.782340306704334
0.342,0.18538549530570436,58.72460657435642
0.343,0.18527244794401151,58.6668728420085
0.34400000000000003,0.18515940058231864,58.60913910966058
0.34500000000000003,0.1850463532206258,58.55140537731266
0.34600000000000003,0.18493330585893292,58.49367164496474
0.34700000000000003,0.1848167028535633,58.431069421984496
0.34800000000000003,0.18469975889606027,58.36800035743676
0.34900000000000003,0.18458281493855724,58.30493129288903
0.35000000000000003,0.18446587098105424,58.2418622283413
0.35100000000000003,0.1843489270235512,58.17879316379357
0.352,0.1842319830660482,58.11572409924584
0.353,0.18411470501998428,58.0530886059845
0.354,0.1839956398652692,57.99277237500117
0.355,0.18387657471055413,57.932456144017834
0.356,0.18375750955583905,57.87213991303451
0.357,0.18363844440112398,57.81182368205118
0.358,0.1835193792464089,57.751507451067845
0.359,0.18340031409169383,57.69119122008451
0.36,0.18328025730249603,57.630527187689665
0.361,0.18315872845962514,57.56934685382058
0.362,0.18303719961675424,57.5081665199515
0.363,0.18291567077388335,57.44698618608242
0.364,0.18279414193101245,57.38580585221334
0.365,0.18267261308814156,57.324625518344256
0.366,0.18255108424527067,57.263445184475174
0.367,0.18242905637855686,57.207466565753315
0.368,0.18230675684249226,57.15431976879115
0.369,0.18218445730642763,57.10117297182898
0.37,0.18206215777036303,57.04802617486681
0.371,0.18193985823429842,56.99487937790464
0.372,0.18181755869823382,56.94173258094247
0.373,0.18169525916216922,56.888585783980304
0.374,0.18157001415542467,56.829363003693175
0.375,0.1814444143720996,56.76940838227726
0.376,0.18131881458877455,56.70945376086136
0.377,0.18119321480544948,56.649499139445446
0.378,0.18106761502212443,56.58954451802954
0.379,0.18094201523879938,56.529589896613636
0.38,0.1808162580740411,56.47023321856544
0.381,0.18068951369847436,56.414627276187474
0.382,0.18056276932290766,56.3590213338095
0.383,0.18043602494734096,56.30341539143153
0.384,0.18030928057177426,56.247809449053555
0.385,0.18018253619620753,56.19220350667559
0.386,0.18005579182064083,56.13659756429762
0.387,0.17992822715129408,56.07988320507501
0.388,0.1797993382168253,56.02137944088099
0.389,0.17967044928235654,55.96287567668697
0.39,0.17954156034788776,55.904371912492955
0.391,0.179412671413419,55.84586814829893
0.392,0.17928378247895022,55.78736438410491
0.393,0.17915489354448144,55.7288606199109
0.394,0.17902584431411822,55.675118742669085
0.395,0.17889669992802487,55.624203642940735
0.396,0.1787675555419315,55.57328854321239
0.397,0.17863841115583812,55.52237344348404
0.398,0.17850926676974474,55.47145834375569
0.399,0.17838012238365136,55.42054324402734
0.4,0.178250977997558,55.369628144299
0.401,0.17811966737715504,55.31322020717181
0.402,0.17798804020102202,55.2560095918001
0.403,0.177856413024889,55.198798976428385
0.404,0.17772478584875598,55.14158836105668
0.405,0.17759315867262296,55.08437774568496
0.406,0.1774615314964899,55.02716713031325
0.40700000000000003,0.17732984166343335,54.970482044386706
0.40800000000000003,0.17719768123688717,54.91774402003772
0.40900000000000003,0.177065520810341,54.86500599568874
0.41000000000000003,0.17693336038379479,54.81226797133975
0.41100000000000003,0.1768011999572486,54.75952994699077
0.41200000000000003,0.17666903953070243,54.706791922641784
0.41300000000000003,0.17653687910415625,54.6540538982928
0.41400000000000003,0.17640419021464385,54.60051086853584
0.41500000000000004,0.17627057195922535,54.54555213961314
0.41600000000000004,0.17613695370380686,54.49059341069044
0.417,0.1760033354483884,54.43563468176774
0.418,0.1758697171929699,54.38067595284504
0.419,0.1757360989375514,54.32571722392234
0.42,0.1756024806821329,54.27075849499963
0.421,0.17546871562387775,54.218673709998626
0.422,0.1753348557176993,54.168445752963486
0.423,0.17520099581152082,54.118217795928345
0.424,0.17506713590534237,54.067989838893205
0.425,0.17493327599916392,54.017761881858064
0.426,0.17479941609298547,53.96753392482292
0.427,0.174665556186807,53.91730596778778
0.428,0.17453042505602998,53.86385988998404
0.429,0.17439507397730192,53.80985701122621
0.43,0.17425972289857383,53.755854132468365
0.431,0.17412437181984575,53.70185125371053
0.432,0.1739890207411177,53.647848374952694
0.433,0.1738536696623896,53.59384549619485
0.434,0.17371829397355826,53.5401609122229
0.435,0.1735826904835146,53.489422595371565
0.436,0.17344708699347094,53.438684278520235
0.437,0.17331148350342732,53.3879459616689
0.438,0.17317588001338366,53.33720764481756
0.439,0.17304027652334,53.28646932796622
0.44,0.17290467303329635,53.23573101111489
0.441,0.17276883755580003,53.184967661181275
0.442,0.1726325567301281,53.13415625503862
0.443,0.17249627590445613,53.083344848895955
0.444,0.1723599950787842,53.0325334427533
0.445,0.17222371425311225,52.981722036610634
0.446,0.17208743342744032,52.93091063046798
0.447,0.17195115260176838,52.88009922432532
0.448,0.1718145480780411,52.8293967073484
0.449,0.17167771627695586,52.77877064446658
0.45,0.1715408844758706,52.72814458158477
0.451,0.17140405267478537,52.67751851870295
0.452,0.1712672208737001,52.626892455821135
0.453,0.17113038907261485,52.57626639293932
0.454,0.17099355727152962,52.5256403300575
0.455,0.1708563023377685,52.47480312702327
0.456,0.17071896226920472,52.423923442336765
0.457,0.17058162220064094,52.37304375765025
0.458,0.17044428213207716,52.32216407296374
0.459,0.17030694206351338,52.27128438827722
0.46,0.17016960199494957,52.22040470359072
0.461,0.17003225149475576,52.169640409186826
0.462,0.16989477682451412,52.12024963137283
0.463,0.16975730215427248,52.07085885355883
0.464,0.16961982748403084,52.02146807574484
0.465,0.1694823528137892,51.972077297930845
0.466,0.16934487814354754,51.922686520116855
0.467,0.1692074034733059,51.87329574230286
0.468,0.16906997378212577,51.82495941152075
0.46900000000000003,0.1689326385818423,51.77883823690642
0.47000000000000003,0.1687953033815588,51.73271706229208
0.47100000000000003,0.16865796818127532,51.68659588767774
0.47200000000000003,0.16852063298099182,51.640474713063405
0.47300000000000003,0.16838329778070835,51.59435353844906
0.47400000000000003,0.16824596258042485,51.54823236383473
0.47500000000000003,0.16810801195387315,51.498853444054035
0.47600000000000003,0.16796959230201572,51.44699174932277
0.47700000000000004,0.1678311726501583,51.395130054591505
0.47800000000000004,0.16769275299830086,51.34326835986024
0.47900000000000004,0.16755433334644343,51.291406665128974
0.48,0.16741591369458603,51.23954497039771
0.481,0.1672774940427286,51.187683275666444
0.482,0.1671395160557168,51.139650183717606
0.483,0.1670016399913617,51.092500615487786
0.484,0.16686376392700658,51.04535104725797
0.485,0.16672588786265147,50.99820147902815
0.486,0.16658801179829638,50.951051910798334
0.487,0.16645013573394127,50.903902342568514
0.488,0.16631224827505678,50.85668581559534
0.489,0.16617417404497306,50.8083717474811
0.49,0.16603609981488934,50.76005767936685
0.491,0.16589802558480565,50.711743611252615
0.492,0.16575995135472193,50.66342954313837
0.493,0.16562187712463822,50.615115475024126
0.494,0.16548380289455453,50.56680140690989
0.495,0.16534599007172004,50.52053930364687
0.496,0.16520877999783215,50.4790085904127
0.497,0.16507156992394426,50.43747787717853
0.498,0.16493435985005636,50.395947163944356
0.499,0.16479714977616847,50.35441645071018
0.5,0.16465993970228057,50.312885737476016
0.501,0.16452272962839268,50.27135502424184
0.502,0.16438469588580598,50.223767760741566
0.503,0.16424598139420338,50.17117485524053
0.504,0.16410726690260077,50.118581949739486
0.505,0.16396855241099817,50.06598904423845
0.506,0.16382983791939557,50.01339613873741
0.507,0.16369112342779296,49.960803233236376
0.508,0.16355240893619036,49.90821032773534
0.509,0.16341480650569556,49.86303937279069
0.51,0.1632774952457747,49.81981170458477
0.511,0.16314018398585384,49.77658403637886
0.512,0.163002872725933,49.73335636817295
0.513,0.16286556146601214,49.69012869996703
0.514,0.1627282502060913,49.64690103176112
0.515,0.1625909269578655,49.60352455239677
0.516,0.16245329600981323,49.55632858663265
0.517,0.16231566506176098,49.50913262086853
0.518,0.1621780341137087,49.46193665510441
0.519,0.16204040316565646,49.414740689340285
0.52,0.16190277221760419,49.36754472357617
0.521,0.16176514126955194,49.32034875781204
0.522,0.16162791503833432,49.2759532988232
0.523,0.1614917167162454,49.238670631378646
0.524,0.1613555183941565,49.20138796393409
0.525,0.1612193200720676,49.16410529648953
0.526,0.16108312174997869,49.12682262904497
0.527,0.16094692342788977,49.089539961600416
0.528,0.16081072510580088,49.05225729415586
0.529,0.16067362891346615,49.00720186130655
0.53,0.1605357284676885,48.95518409356861
0.531,0.16039782802191083,48.903166325830675
0.532,0.16025992757613317,48.851148558092746
0.533,0.1601220271303555,48.79913079035481
0.534,0.15998412668457782,48.74711302261687
0.535,0.15984622623880015,48.695095254878936
0.536,0.1597097196303626,48.65201579393227
0.537,0.1595736235047663,48.61156864987236
0.538,0.15943752737917002,48.57112150581244
0.539,0.1593014312535737,48.530674361752524
0.54,0.15916533512797743,48.490227217692606
0.541,0.1590292390023811,48.44978007363269
0.542,0.158893139961279,48.409256369663694
0.543,0.158756877235349,48.36443437365619
0.544,0.15862061450941903,48.31961237764869
0.545,0.15848435178348905,48.27479038164119
0.546,0.15834808905755907,48.22996838563369
0.547,0.15821182633162909,48.18514638962619
0.548,0.1580755636056991,48.14032439361869
0.549,0.15793970218520867,48.098137824765296
0.55,0.1578049682419056,48.0633555512496
0.551,0.15767023429860252,48.02857327773391
0.552,0.15753550035529942,47.99379100421822
0.553,0.15740076641199635,47.95900873070253
0.554,0.15726603246869325,47.92422645718683
0.555,0.15713129852539018,47.889444183671145
0.556,0.1569958114772915,47.8470305987526
0.557,0.15685959358365223,47.797211258433286
0.558,0.15672337569001296,47.74739191811396
0.559,0.15658715779637372,47.69757257779464
0.56,0.15645093990273445,47.647753237475314
0.561,0.1563147220090952,47.597933897156
0.562,0.15617850411545595,47.54811455683667
0.5630000000000001,0.15604360768955886,47.50630441741213
0.5640000000000001,0.15590914589923147,47.467128533431385
0.5650000000000001,0.15577468410890408,47.427952649450646
0.5660000000000001,0.15564022231857666,47.3887767654699
0.5670000000000001,0.15550576052824927,47.34960088148916
0.5680000000000001,0.15537129873792188,47.31042499750841
0.5690000000000001,0.15523683694759446,47.271249113527674
0.5700000000000001,0.1551025739044108,47.22933011504146
0.5710000000000001,0.15496831135934025,47.187404241581554
0.5720000000000001,0.15483404881426974,47.14547836812165
0.5730000000000001,0.1546997862691992,47.10355249466174
0.5740000000000001,0.15456552372412866,47.06162662120184
0.5750000000000001,0.15443126117905812,47.01970074774193
0.5760000000000001,0.15429731559102594,46.979578377036944
0.577,0.15416436008528878,46.945089628339616
0.578,0.1540314045795516,46.91060087964228
0.579,0.15389844907381445,46.87611213094494
0.58,0.15376549356807728,46.841623382247604
0.581,0.15363253806234012,46.80713463355027
0.582,0.15349958255660298,46.772645884852935
0.583,0.1533661758709561,46.73214598199475
0.584,0.15323229486796827,46.685326660659776
0.585,0.15309841386498044,46.6385073393248
0.586,0.1529645328619926,46.59168801798983
0.587,0.15283065185900477,46.54486869665486
0.588,0.15269677085601693,46.49804937531989
0.589,0.1525628898530291,46.451230053984915
0.59,0.1524301627815181,46.41075578410411
0.591,0.15229785711160443,46.372598649054694
0.592,0.15216555144169078,46.33444151400528
0.593,0.15203324577177713,46.29628437895587
0.594,0.15190094010186347,46.25812724390645
0.595,0.15176863443194982,46.219970108857034
0.596,0.15163632876203617,46.181812973807624
0.597,0.15150442961421393,46.141775905796266
0.598,0.15137253982367765,46.1016955656707
0.599,0.1512406500331414,46.06161522554514
0.6,0.15110876024260514,46.02153488541957
0.601,0.1509768704520689,45.98145454529401
0.602,0.15084498066153262,45.94137420516844
0.603,0.15071334155784724,45.90239402996532
0.604,0.15058257844978676,45.86725825128896
0.605,0.15045181534172627,45.832122472612596
0.606,0.1503210522336658,45.79698669393624
0.607,0.1501902891256053,45.76185091525988
0.608,0.15005952601754483,45.726715136583515
0.609,0.14992876290948434,45.69157935790715
0.61,0.1497979000105169,45.65285832654514
0.611,0.14966692344597093,45.61005355816686
0.612,0.14953594688142496,45.56724878978858
0.613,0.149404970316879,45.5244440214103
0.614,0.14927399375233302,45.481639253032014
0.615,0.14914301718778705,45.438834484653725
0.616,0.1490120406232411,45.39602971627544
0.617,0.1488819798788324,45.357210864799725
0.618,0.14875228867588258,45.320000365758375
0.619,0.1486225974729328,45.282789866717025
0.62,0.148492906269983,45.245579367675674
0.621,0.1483632150670332,45.208368868634324
0.622,0.1482335238640834,45.17115836959297
0.623,0.14810383266113358,45.13394787055162
0.624,0.1479747029511771,45.09558936348877
0.625,0.1478455981638861,45.057179900456305
0.626,0.1477164933765951,45.01877043742383
0.627,0.1475873885893041,44.98036097439137
0.628,0.1474582838020131,44.941951511358894
0.629,0.1473291790147221,44.90354204832643
0.63,0.14720027060679583,44.86566135829748
0.631,0.14707213559414542,44.82986311997375
0.632,0.14694400058149504,44.79406488165003
0.633,0.14681586556884466,44.7582666433263
0.634,0.14668773055619425,44.72246840500258
0.635,0.14655959554354386,44.68667016667885
0.636,0.14643146053089348,44.65087192835513
0.637,0.14630354399007472,44.61410672352481
0.638,0.14617589718263474,44.57614766619195
0.639,0.14604825037519473,44.53818860885908
0.64,0.14592060356775471,44.50022955152622
0.641,0.14579295676031473,44.462270494193355
0.642,0.14566530995287472,44.424311436860485
0.643,0.1455376631454347,44.38635237952762
0.644,0.1454106555093222,44.3496805826438
0.645,0.14528393169296883,44.313580385165146
0.646,0.14515720787661543,44.277480187686486
0.647,0.14503048406026206,44.24137999020783
0.648,0.1449037602439087,44.20527979272918
0.649,0.1447770364275553,44.169179595250526
0.65,0.14465031261120193,44.13307939777187
0.651,0.1445243186782216,44.097309080852135
0.652,0.14439837340413283,44.06156075596966
0.653,0.14427242813004407,44.025812431087175
0.654,0.1441464828559553,43.9900641062047
0.655,0.14402053758186653,43.95431578132222
0.656,0.14389459230777776,43.918567456439746
0.657,0.143768781667944,43.88279809159747
0.658,0.14364357411580028,43.846934479264085
0.659,0.14351836656365657,43.81107086693069
0.66,0.14339315901151287,43.775207254597305
0.661,0.14326795145936916,43.73934364226392
0.662,0.14314274390722545,43.703480029930525
0.663,0.14301753635508174,43.66761641759714
0.664,0.14289269105833832,43.63218266315948
0.665,0.14276833088724789,43.59732456637167
0.666,0.14264397071615748,43.56246646958385
0.667,0.14251961054506704,43.527608372796045
0.668,0.1423952503739766,43.49275027600823
0.669,0.1422708902028862,43.457892179220416
0.67,0.14214653003179575,43.42303408243261
0.671,0.14202271216620363,43.388637325040285
0.672,0.14189915839734119,43.35446523478853
0.673,0.1417756046284787,43.32029314453676
0.674,0.14165205085961627,43.286121054285
0.675,0.1415284970907538,43.25194896403324
0.676,0.14140494332189135,43.217776873781474
0.677,0.14128138955302888,43.18360478352971
0.678,0.14115850149589457,43.14940748903243
0.679,0.14103567329839792,43.11520792821334
0.68,0.14091284510090127,43.08100836739424
0.681,0.14079001690340465,43.04680880657515
0.682,0.140667188705908,43.01260924575606
0.683,0.14054436050841135,42.97840968493697
0.684,0.1404216122012505,42.9437241772385
0.685,0.14029927563658942,42.90653417408479
0.686,0.14017693907192832,42.86934417093108
0.687,0.14005460250726723,42.83215416777737
0.6880000000000001,0.13993226594260616,42.79496416462365
0.6890000000000001,0.13980992937794506,42.75777416146994
0.6900000000000001,0.13968759281328397,42.72058415831623
0.6910000000000001,0.13956566413541785,42.68418483003514
0.6920000000000001,0.13944432851994687,42.64893513331732
0.6930000000000001,0.1393229929044759,42.61368543659951
0.6940000000000001,0.1392016572890049,42.57843573988169
0.6950000000000001,0.13908032167353393,42.54318604316387
0.6960000000000001,0.13895898605806295,42.50793634644606
0.6970000000000001,0.13883765044259197,42.47268664972824
0.6980000000000001,0.13871702042373765,42.439349239358265
0.6990000000000001,0.13859676618239186,42.40703024968695
0.7000000000000001,0.13847651194104604,42.37471126001564
0.7010000000000001,0.13835625769970025,42.34239227034432
0.7020000000000001,0.13823600345835443,42.31007328067301
0.7030000000000001,0.13811574921700864,42.27775429100169
0.704,0.13799549497566285,42.24543530133038
0.705,0.13787584898417754,42.212038452815094
0.706,0.13775627245855374,42.17851850621455
0.707,0.13763669593292993,42.14499855961402
0.708,0.13751711940730615,42.11147861301348
0.709,0.13739754288168235,42.07795866641294
0.71,0.13727796635605855,42.044438719812405
0.711,0.13715846328810263,42.01039444796629
0.712,0.13703940225488498,41.97319502595819
0.713,0.13692034122166735,41.9359956039501
0.714,0.13680128018844973,41.898796181942
0.715,0.13668221915523207,41.8615967599339
0.716,0.13656315812201444,41.8243973379258
0.717,0.1364440970887968,41.78719791591771
0.718,0.136325547756417,41.75195124293821
0.719,0.13620780724149056,41.719791173261996
0.72,0.13609006672656412,41.68763110358577
0.721,0.13597232621163768,41.655471033909556
0.722,0.13585458569671124,41.62331096423334
0.723,0.1357368451817848,41.59115089455712
0.724,0.13561910466685836,41.5589908248809
0.725,0.13550208864560728,41.5292868017761
0.726,0.13538549357522683,41.50100980968315
0.727,0.1352688985048464,41.4727328175902
0.728,0.135152303434466,41.44445582549725
0.729,0.13503570836408554,41.4161788334043
0.73,0.13491911329370512,41.387901841311354
0.731,0.1348025182233247,41.359624849218406
0.732,0.13468627144806375,41.327549877183294
0.733,0.13457007329519838,41.29494470282008
0.734,0.134453875142333,41.26233952845687
0.735,0.13433767698946764,41.22973435409366
0.736,0.1342214788366023,41.19712917973044
0.737,0.13410528068373692,41.16452400536723
0.738,0.13398915345640267,41.13156004332638
0.739,0.13387353428746485,41.09602598996209
0.74,0.133757915118527,41.060491936597785
0.741,0.13364229594958918,41.02495788323349
0.742,0.13352667678065133,40.989423829869196
0.743,0.1334110576117135,40.9538897765049
0.744,0.13329543844277567,40.91835572314061
0.745,0.1331802974726117,40.884822545299286
0.746,0.13306597952482718,40.8547330511812
0.747,0.13295166157704266,40.824643557063105
0.748,0.13283734362925817,40.79455406294501
0.749,0.13272302568147365,40.764464568826924
0.75,0.13260870773368916,40.73437507470883
0.751,0.13249438978590464,40.70428558059074
0.752,0.1323806828892618,40.67583000571015
0.753,0.13226736257599428,40.648408134836956
0.754,0.13215404226272678,40.620986263963765
0.755,0.13204072194945926,40.593564393090574
0.756,0.13192740163619177,40.56614252221738
0.757,0.13181408132292424,40.53872065134419
0.758,0.13170076100965675,40.511298780471
0.759,0.13158778643261307,40.480262515049425
0.76,0.13147486931027716,40.44862560680202
0.761,0.13136195218794125,40.41698869855462
0.762,0.13124903506560534,40.38535179030721
0.763,0.13113611794326943,40.35371488205981
0.764,0.13102320082093352,40.32207797381241
0.765,0.13091033610566843,40.290061370740226
0.766,0.1307979302718285,40.254720122738874
0.767,0.13068552443798856,40.21937887473752
0.768,0.1305731186041486,40.18403762673618
0.769,0.13046071277030866,40.148696378734826
0.77,0.1303483069364687,40.113355130733474
0.771,0.13023590110262878,40.07801388273212
0.772,0.13012386671953785,40.04349275575578
0.773,0.13001252980871675,40.01051156825804
0.774,0.12990119289789562,39.9775303807603
0.775,0.1297898559870745,39.94454919326257
0.776,0.12967851907625336,39.91156800576483
0.777,0.12956718216543225,39.87858681826709
0.778,0.12945584525461112,39.84560563076935
0.779,0.12934535887705137,39.817390066744636
0.78,0.12923545746540557,39.79245212561487
0.781,0.12912555605375978,39.7675141844851
0.782,0.12901565464211398,39.74257624335534
0.783,0.12890575323046816,39.71763830222557
0.784,0.12879585181882236,39.69270036109581
0.785,0.12868595040717656,39.66776241996604
0.786,0.12857629917854194,39.63768170551338
0.787,0.12846669649287965,39.60660313952046
0.788,0.12835709380721735,39.575524573527545
0.789,0.12824749112155504,39.544446007534624
0.79,0.12813788843589274,39.5133674415417
0.791,0.12802828575023043,39.48228887554878
0.792,0.12791872012172836,39.45077692027016
0.793,0.12780956661376566,39.41444515081416
0.794,0.12770041310580296,39.37811338135817
0.795,0.12759125959784026,39.34178161190217
0.796,0.1274821060898776,39.30544984244618
0.797,0.1273729525819149,39.26911807299018
0.798,0.1272637990739522,39.23278630353419
0.799,0.12715511149419276,39.198787202746125
0.8,0.12704738066776666,39.1695780857113
0.801,0.1269396498413406,39.14036896867647
0.802,0.12683191901491453,39.11115985164164
0.803,0.12672418818848843,39.08195073460681
0.804,0.12661645736206237,39.052741617571975
0.805,0.1265087265356363,39.02353250053715
0.806,0.1264016697583159,38.997176535964456
0.807,0.12629511631024035,38.97295109135257
0.808,0.12618856286216482,38.948725646740684
0.809,0.12608200941408926,38.9245002021288
0.81,0.12597545596601373,38.90027475751691
0.811,0.12586890251793817,38.876049312905025
0.812,0.12576234906986264,38.85182386829314
0.8130000000000001,0.12565611554273223,38.8235516043182
0.8140000000000001,0.12554995343526235,38.79437592195334
0.8150000000000001,0.12544379132779246,38.76520023958848
0.8160000000000001,0.12533762922032257,38.73602455722362
0.8170000000000001,0.1252314671128527,38.706848874858764
0.8180000000000001,0.12512530500538283,38.677673192493906
0.8190000000000001,0.12501917293738024,38.648207919843145
0.8200000000000001,0.1249134914613874,38.614398792903756
0.8210000000000001,0.12480780998539455,38.580589665964375
0.8220000000000001,0.1247021285094017,38.546780539024994
0.8230000000000001,0.12459644703340884,38.51297141208561
0.8240000000000001,0.12449076555741599,38.479162285146224
0.8250000000000001,0.12438508408142314,38.44535315820684
0.8260000000000001,0.12427978787893817,38.41334208326669
0.8270000000000001,0.12417535932492221,38.38538027990203
0.8280000000000001,0.12407093077090624,38.357418476537376
0.8290000000000001,0.12396650221689026,38.329456673172714
0.8300000000000001,0.12386207366287429,38.30149486980806
0.8310000000000001,0.12375764510885831,38.2735330664434
0.8320000000000001,0.12365321655484234,38.245571263078745
0.833,0.12354938544509488,38.220189724543836
0.834,0.12344603823817121,38.19689808376696
0.835,0.12334269103124755,38.173606442990085
0.836,0.12323934382432389,38.15031480221322
0.837,0.12313599661740023,38.12702316143634
0.838,0.12303264941047656,38.103731520659466
0.839,0.1229293022035529,38.08043987988259
0.84,0.12282616724532516,38.05155424463685
0.841,0.1227230861809669,38.021248190732855
0.842,0.12262000511660866,37.99094213682887
0.843,0.1225169240522504,37.960636082924886
0.844,0.12241384298789215,37.930330029020894
0.845,0.1223107619235339,37.90002397511691
0.846,0.12220771458819916,37.8697394776973
0.847,0.12210542714792356,37.83994063519061
0.848,0.12200313970764795,37.81014179268391
0.849,0.12190085226737235,37.78034295017721
0.85,0.12179856482709675,37.75054410767051
0.851,0.12169627738682115,37.72074526516381
0.852,0.12159398994654555,37.69094642265711
0.853,0.12149197703673902,37.66198406198668
0.854,0.1213906444850515,37.635094721519174
0.855,0.121289311933364,37.60820538105167
0.856,0.1211879793816765,37.58131604058416
0.857,0.12108664682998899,37.55442670011666
0.858,0.12098531427830148,37.52753735964915
0.859,0.12088398172661396,37.50064801918165
0.86,0.12078302761713842,37.47360803103487
0.861,0.12068240575505086,37.44643578412743
0.862,0.1205817838929633,37.41926353721999
0.863,0.12048116203087574,37.39209129031254
0.864,0.12038054016878817,37.3649190434051
0.865,0.12027991830670061,37.337746796497655
0.866,0.12017929644461306,37.310574549590214
0.867,0.12007903554162504,37.27967272012914
0.868,0.11997887793561406,37.247703582477484
0.869,0.11987872032960308,37.21573444482582
0.87,0.11977856272359211,37.18376530717416
0.871,0.11967840511758113,37.151796169522505
0.872,0.11957824751157015,37.11982703187085
0.873,0.1194781131025128,37.08794417802594
0.874,0.11937898647221859,37.059809876230055
0.875,0.1192798598419244,37.031675574434175
0.876,0.11918073321163018,37.003541272638294
0.877,0.11908160658133597,36.975406970842414
0.878,0.11898247995104178,36.947272669046534
0.879,0.11888335332074756,36.919138367250646
0.88,0.11878445219526802,36.89123639547381
0.881,0.11868616857362675,36.86397061711362
0.882,0.11858788495198548,36.83670483875343
0.883,0.11848960133034421,36.80943906039324
0.884,0.11839131770870294,36.78217328203304
0.885,0.11829303408706167,36.75490750367285
0.886,0.1181947504654204,36.72764172531266
0.887,0.11809688331075392,36.70101630071315
0.888,0.11799941230760007,36.674999993105516
0.889,0.11790194130444621,36.64898368549789
0.89,0.11780447030129237,36.622967377890255
0.891,0.11770699929813852,36.59695107028262
0.892,0.11760952829498467,36.570934762674995
0.893,0.11751205729183081,36.54491845506736
0.894,0.11741491455071171,36.514415089975714
0.895,0.11731787689677865,36.48247527413836
0.896,0.11722083924284558,36.450535458301005
0.897,0.11712380158891253,36.41859564246365
0.898,0.11702676393497946,36.386655826626296
0.899,0.1169297262810464,36.35471601078894
0.9,0.1168326917783621,36.32279703677905
0.901,0.11673691462393122,36.29919395192638
0.902,0.11664113746950036,36.2755908670737
0.903,0.11654536031506949,36.251987782221036
0.904,0.11644958316063862,36.22838469736836
0.905,0.11635380600620776,36.20478161251569
0.906,0.11625802885177688,36.181178527663015
0.907,0.11616240522581091,36.15717314778165
0.908,0.11606724838840991,36.13194462846958
0.909,0.1159720915510089,36.106716109157524
0.91,0.1158769347136079,36.08148758984546
0.911,0.1157817778762069,36.0562590705334
0.912,0.11568662103880589,36.031030551221335
0.913,0.1155914642014049,36.005802031909276
0.914,0.11549658437798617,35.97954833388076
0.915,0.11540199000552381,35.95223823341852
0.916,0.11530739563306144,35.92492813295629
0.917,0.11521280126059909,35.89761803249406
0.918,0.11511820688813672,35.87030793203182
0.919,0.11502361251567436,35.84299783156959
0.92,0.114929018143212,35.81568773110736
0.921,0.11483480510360862,35.78497069862641
0.922,0.11474072779264997,35.753041029325246
0.923,0.11464665048169133,35.72111136002408
0.924,0.11455257317073268,35.68918169072291
0.925,0.11445849585977404,35.65725202142175
0.926,0.11436441854881539,35.625322352120584
0.927,0.11427034123785675,35.59339268281942
0.928,0.11417770044181222,35.574743240199545
0.929,0.11408508523254733,35.55633034105745
0.93,0.11399247002328244,35.53791744191536
0.931,0.11389985481401756,35.51950454277327
0.932,0.11380723960475267,35.50109164363118
0.933,0.11371462439548778,35.482678744489085
0.934,0.11362205979883078,35.462574367751486
0.935,0.1135296670625676,35.43672640225551
0.936,0.11343727432630443,35.410878436759525
0.937,0.11334488159004126,35.38503047126355
0.9380000000000001,0.11325248885377809,35.35918250576757
0.9390000000000001,0.11316009611751493,35.333334540271586
0.9400000000000001,0.11306770338125176,35.30748657477561
0.9410000000000001,0.11297554583350504,35.28064029486296
0.9420000000000001,0.11288365085071585,35.252679494622726
0.9430000000000001,0.11279175586792667,35.22471869438248
0.9440000000000001,0.11269986088513748,35.19675789414224
0.9450000000000001,0.1126079659023483,35.16879709390199
0.9460000000000001,0.1125160709195591,35.140836293661756
0.9470000000000001,0.11242417593676991,35.11287549342151
0.9480000000000001,0.11233260463628046,35.08067535613406
0.9490000000000001,0.11224116077864771,35.04680607220431
0.9500000000000001,0.11214971692101494,35.01293678827457
0.9510000000000001,0.11205827306338219,34.97906750434483
0.9520000000000001,0.11196682920574942,34.945198220415094
0.9530000000000001,0.11187538534811667,34.91132893648535
0.9540000000000001,0.1117839414904839,34.87745965255561
0.9550000000000001,0.11169402664317843,34.859710301324526
0.9560000000000001,0.1116041713677039,34.84258899941937
0.9570000000000001,0.11151431609222935,34.82546769751421
0.9580000000000001,0.1114244608167548,34.80834639560905
0.9590000000000001,0.11133460554128027,34.79122509370389
0.96,0.11124475026580574,34.77410379179874
0.961,0.11115493509809024,34.755369776983585
0.962,0.11106527311302072,34.73047636466882
0.963,0.11097561112795121,34.70558295235406
0.964,0.11088594914288169,34.680689540039296
0.965,0.11079628715781217,34.65579612772453
0.966,0.11070662517274266,34.63090271540977
0.967,0.11061696318767314,34.606009303095
0.968,0.11052745288506521,34.5787276318493
0.969,0.11043812610985557,34.54855629924516
0.97,0.1103487993346459,34.51838496664104
0.971,0.11025947255943626,34.4882136340369
0.972,0.11017014578422661,34.45804230143277
0.973,0.11008081900901695,34.427870968828636
0.974,0.1099914922338073,34.39769963622451
0.975,0.10990263503249968,34.36645634380895
0.976,0.10981398148152233,34.334748151260115
0.977,0.10972532793054499,34.30303995871129
0.978,0.10963667437956763,34.27133176616246
0.979,0.10954802082859029,34.23962357361363
0.98,0.10945936727761293,34.2079153810648
0.981,0.1093707137266356,34.17620718851597
0.982,0.1092833526826995,34.156702836279294
0.983,0.10919607049197813,34.13794301541444
0.984,0.10910878830125675,34.11918319454959
0.985,0.10902150611053539,34.10042337368475
0.986,0.10893422391981401,34.0816635528199
0.987,0.10884694172909265,34.062903731955046
0.988,0.10875974631293928,34.043807448118585
0.989,0.1086729269199139,34.02325315807178
0.99,0.10858610752688852,34.002698868024986
0.991,0.10849928813386316,33.98214457797818
0.992,0.10841246874083778,33.96159028793139
0.993,0.1083256493478124,33.94103599788458
0.994,0.10823882995478702,33.92048170783779
0.995,0.10815201981794473,33.8949313462874
0.996,0.10806522182649873,33.86282544582769
0.997,0.10797842383505274,33.83071954536798
0.998,0.10789162584360674,33.798613644908265
0.999,0.10780482785216075,33.76650774444855
1.0,0.10771802986071476,33.73440184398884
1.0010000000000001,0.10763123186926875,33.70229594352913
1.002,0.10754502360519366,33.672513623658396
1.0030000000000001,0.10745909606005155,33.6438373624444
1.004,0.10737316851490947,33.61516110123041
1.0050000000000001,0.10728724096976736,33.586484840016425
1.006,0.10720131342462526,33.55780857880244
1.0070000000000001,0.10711538587948316,33.52913231758844
1.008,0.10702945833434106,33.50045605637445
1.0090000000000001,0.10694460276593407,33.48126672513396
1.01,0.10685983725519319,33.46287439885059
1.0110000000000001,0.10677507174445228,33.44448207256722
1.012,0.10669030623371138,33.42608974628385
1.0130000000000001,0.10660554072297049,33.407697420000474
1.014,0.1065207752122296,33.389305093717105
1.0150000000000001,0.10643607963363158,33.370622297903225
1.016,0.10635173162822134,33.350495825169084
1.0170000000000001,0.1062673836228111,33.330369352434936
1.018,0.10618303561740086,33.31024287970079
1.0190000000000001,0.10609868761199062,33.29011640696664
1.02,0.10601433960658038,33.2699899342325
1.0210000000000001,0.10592999160117014,33.24986346149835
1.022,0.1058456585234407,33.22532242361768
1.0230000000000001,0.10576134670634753,33.194493974770765
1.024,0.10567703488925438,33.163665525923854
1.025,0.10559272307216122,33.13283707707694
1.026,0.10550841125506805,33.102008628230024
1.027,0.1054240994379749,33.071180179383106
1.028,0.10533978762088173,33.04035173053619
1.029,0.10525599476865775,33.011695585051505
1.03,0.10517247225174584,32.984171019645245
1.031,0.10508894973483394,32.95664645423899
1.032,0.10500542721792204,32.92912188883273
1.033,0.10492190470101015,32.90159732342647
1.034,0.10483838218409823,32.87407275802021
1.035,0.10475485966718634,32.84654819261396
1.036,0.10467222640314149,32.826394371688316
1.037,0.10458968920796595,32.80703683617748
1.038,0.1045071520127904,32.78767930066664
1.039,0.10442461481761486,32.76832176515581
1.04,0.1043420776224393,32.74896422964497
1.041,0.10425954042726376,32.729606694134134
1.042,0.10417706743990654,32.71014971506742
1.043,0.10409496555197394,32.69011798595746
1.044,0.10401286366404132,32.67008625684748
1.045,0.10393076177610873,32.65005452773751
1.046,0.10384865988817611,32.630022798627536
1.047,0.10376655800024351,32.60999106951756
1.048,0.10368445611231089,32.58995934040759
1.049,0.1036023901309425,32.56644170190478
1.05,0.10352037972470209,32.537528674978645
1.051,0.10343836931846169,32.50861564805252
1.052,0.1033563589122213,32.479702621126386
1.053,0.1032743485059809,32.45078959420026
1.054,0.10319233809974049,32.421876567274126
1.055,0.1031103276935001,32.392963540348
1.056,0.10302874388779296,32.36562271844276
1.057,0.10294740265885963,32.33917589547096
1.058,0.1028660614299263,32.31272907249916
1.059,0.10278472020099297,32.28628224952737
1.06,0.10270337897205963,32.25983542655557
1.061,0.10262203774312631,32.233388603583776
1.062,0.10254069651419297,32.20694178061198
1.063,0.1024600541561012,32.18555084893524
1.064,0.10237950484880134,32.16483308125529
1.065,0.1022989555415015,32.14411531357534
1.066,0.10221840623420164,32.12339754589539
1.067,0.1021378569269018,32.102679778215446
1.068,0.10205730761960194,32.08196201053549
1.069,0.10197680907715871,32.061073394009505
1.07,0.10189665792559693,32.03901563538023
1.071,0.10181650677403518,32.016957876750965
1.072,0.10173635562247342,31.994900118121688
1.073,0.10165620447091167,31.972842359492418
1.074,0.10157605331934991,31.95078460086314
1.075,0.10149590216778816,31.92872684223387
1.076,0.10141585571583929,31.905244690409646
1.077,0.10133598563706386,31.87936305743152
1.078,0.10125611555828841,31.853481424453385
1.079,0.10117624547951298,31.827599791475254
1.08,0.10109637540073753,31.80171815849712
1.081,0.1010165053219621,31.77583652551899
1.082,0.10093663524318665,31.749954892540856
1.083,0.10085707576758846,31.724354389537016
1.084,0.10077770868990976,31.6989280277723
1.085,0.1006983416122311,31.673501666007592
1.086,0.1006189745345524,31.648075304242877
1.087,0.10053960745687372,31.62264894247817
1.088,0.10046024037919503,31.597222580713453
1.089,0.10038087330151636,31.571796218948744
1.09,0.10030203935108725,31.549702071789916
1.091,0.10022329039195882,31.528139147249426
1.092,0.10014454143283037,31.50657622270893
1.093,0.10006579247370195,31.485013298168436
1.094,0.0999870435145735,31.46345037362794
1.095,0.09990829455544507,31.44188744908745
1.096,0.09982958320015094,31.42015427408544
1.097,0.09975118404413234,31.397007624321603
1.098,0.09967278488811372,31.373860974557758
1.099,0.09959438573209513,31.35071432479392
1.1,0.09951598657607652,31.327567675030075
1.101,0.09943758742005793,31.304421025266237
1.102,0.0993591882640393,31.28127437550239
1.103,0.09928092200222187,31.258175680165536
1.104,0.0992028998510292,31.235165071329302
1.105,0.09912487769983656,31.212154462493075
1.106,0.09904685554864391,31.18914385365684
1.107,0.09896883339745127,31.166133244820614
1.108,0.09889081124625862,31.14312263598438
1.109,0.09881278909506598,31.120112027148153
1.11,0.0987349756768513,31.09731780481893
1.111,0.09865730286955485,31.074669349132506
1.112,0.09857963006225838,31.052020893446077
1.113,0.09850195725496193,31.029372437759655
1.114,0.09842428444766546,31.006723982073225
1.115,0.09834661164036902,30.9840755263868
1.116,0.09826893883307256,30.961427070700374
1.117,0.09819148874491677,30.937767300364317
1.118,0.09811408029268343,30.91391847120651
1.119,0.0980366718404501,30.890069642048715
1.12,0.09795926338821676,30.866220812890912
1.121,0.09788185493598342,30.842371983733113
1.122,0.09780444648375007,30.81852315457531
1.123,0.09772706241867896,30.79457544349346
1.124,0.09764993267687103,30.769596535203636
1.125,0.09757280293506312,30.744617626913815
1.1260000000000001,0.0974956731932552,30.71963871862399
1.127,0.09741854345144728,30.694659810334173
1.1280000000000001,0.09734141370963935,30.669680902044348
1.129,0.09726428396783143,30.644701993754527
1.1300000000000001,0.09718728922547001,30.620827131525438
1.131,0.09711056549703506,30.599168662516018
1.1320000000000001,0.0970338417686001,30.57751019350659
1.133,0.09695711804016516,30.55585172449717
1.1340000000000001,0.09688039431173019,30.534193255487743
1.135,0.09680367058329524,30.512534786478323
1.1360000000000001,0.09672694685486027,30.490876317468896
1.137,0.09665033768396558,30.469766291989785
1.1380000000000001,0.0965738123235657,30.449057508747128
1.139,0.09649728696316583,30.428348725504478
1.1400000000000001,0.09642076160276593,30.40763994226182
1.141,0.09634423624236606,30.386931159019166
1.1420000000000001,0.09626771088196617,30.366222375776513
1.143,0.0961911855215663,30.34551359253386
1.1440000000000001,0.09611457961391998,30.319308938318237
1.145,0.09603795632373721,30.29191824507806
1.1460000000000001,0.09596133303355443,30.26452755183788
1.147,0.09588470974337167,30.2371368585977
1.1480000000000001,0.09580808645318888,30.20974616535752
1.149,0.09573146316300611,30.182355472117344
1.1500000000000001,0.09565485401603283,30.154977168845974
1.151,0.09557844025487951,30.127770030699295
1.1520000000000001,0.09550202649372617,30.10056289255261
1.153,0.09542561273257287,30.073355754405934
1.154,0.09534919897141955,30.046148616259256
1.155,0.09527278521026622,30.01894147811257
1.156,0.09519637144911292,29.991734339965895
1.157,0.09512006893037907,29.966029515273437
1.158,0.0950440111449681,29.943629780180277
1.159,0.09496795335955713,29.921230045087118
1.16,0.09489189557414617,29.89883030999396
1.161,0.09481583778873519,29.876430574900798
1.162,0.09473978000332424,29.854030839807642
1.163,0.09466372221791326,29.83163110471448
1.164,0.09458769121528149,29.809570926544893
1.165,0.09451168147073007,29.787780262166656
1.166,0.09443567172617866,29.765989597788426
1.167,0.09435966198162722,29.74419893341019
1.168,0.09428365223707581,29.722408269031956
1.169,0.09420764249252439,29.700617604653722
1.17,0.09413163274797297,29.67882694027549
1.171,0.09405536432533085,29.648971437418005
1.172,0.0939790322404795,29.61713113007498
1.173,0.09390270015562815,29.58529082273195
1.174,0.09382636807077681,29.553450515388924
1.175,0.09375003598592545,29.521610208045896
1.176,0.0936737039010741,29.48976990070287
1.177,0.09359738091162649,29.457968260569988
1.178,0.09352124030895924,29.426941999756437
1.179,0.09344509970629196,29.395915738942875
1.18,0.09336895910362471,29.36488947812932
1.181,0.09329281850095744,29.333863217315763
1.182,0.09321667789829018,29.302836956502208
1.183,0.09314053729562291,29.271810695688647
1.184,0.09306451785083525,29.242744494789942
1.185,0.09298879146314093,29.21841929351433
1.186,0.09291306507544664,29.194094092238718
1.187,0.09283733868775232,29.169768890963105
1.188,0.09276161230005801,29.145443689687497
1.189,0.09268588591236371,29.12111848841188
1.19,0.0926101595246694,29.096793287136272
1.191,0.09253441823594549,29.07147651476443
1.192,0.09245866412540542,29.045306530053985
1.193,0.09238291001486532,29.01913654534353
1.194,0.09230715590432524,28.992966560633086
1.195,0.09223140179378515,28.966796575922633
1.196,0.09215564768324508,28.940626591212187
1.197,0.09207989357270499,28.914456606501734
1.198,0.0920039577754213,28.88094598989555
1.199,0.09192797147734942,28.84539500595732
1.2,0.09185198517927758,28.8098440220191
1.201,0.0917759988812057,28.77429303808087
1.202,0.09170001258313384,28.73874205414265
1.203,0.09162402628506197,28.703191070204422
1.204,0.09154805351391532,28.66778322443146
1.205,0.09147255910403262,28.63743726468447
1.206,0.09139706469414995,28.607091304937487
1.207,0.09132157028426725,28.576745345190496
1.208,0.09124607587438457,28.546399385443515
1.209,0.09117058146450188,28.516053425696523
1.21,0.0910950870546192,28.48570746594954
1.211,0.09101975374650356,28.45796675615831
1.212,0.09094485053576602,28.43718134670769
1.213,0.09086994732502847,28.416395937257068
1.214,0.09079504411429093,28.395610527806447
1.215,0.09072014090355338,28.374825118355822
1.216,0.09064523769281584,28.3540397089052
1.217,0.09057033448207828,28.333254299454577
1.218,0.09049535056780973,28.310330869748302
1.219,0.09042029140821999,28.28541402019013
1.22,0.09034523224863027,28.260497170631968
1.221,0.09027017308904052,28.235580321073797
1.222,0.09019511392945079,28.21066347151563
1.223,0.09012005476986104,28.18574662195746
1.224,0.09004499561027132,28.160829772399296
1.225,0.08996978911824353,28.130443397931256
1.226,0.08989453673578425,28.098353400950316
1.227,0.08981928435332495,28.06626340396937
1.228,0.08974403197086567,28.03417340698843
1.229,0.08966877958840637,28.00208341000748
1.23,0.08959352720594708,27.96999341302654
1.231,0.08951827989319922,27.938042948208075
1.232,0.08944370347226396,27.92455723955765
1.233,0.0893691270513287,27.91107153090722
1.234,0.08929455063039346,27.897585822256794
1.235,0.0892199742094582,27.884100113606365
1.236,0.08914539778852294,27.870614404955937
1.237,0.08907082136758768,27.85712869630551
1.238,0.08899607736089382,27.842898539081233
1.239,0.08892083723398385,27.826464519247242
1.24,0.08884559710707392,27.810030499413255
1.241,0.08877035698016394,27.793596479579264
1.242,0.08869511685325401,27.777162459745274
1.243,0.08861987672634404,27.760728439911283
1.244,0.08854463659943411,27.744294420077296
1.245,0.08846878442984858,27.72318730330589
1.246,0.08839231406640487,27.697360123798724
1.247,0.08831584370296112,27.67153294429155
1.248,0.0882393733395174,27.645705764784378
1.249,0.08816290297607367,27.619878585277203
1.25,0.08808643261262994,27.594051405770035
1.2510000000000001,0.0880099622491862,27.568224226262856
1.252,0.08793269620014438,27.53521733425284
1.2530000000000001,0.0878551542062655,27.499720508277186
1.254,0.08777761221238663,27.464223682301537
1.2550000000000001,0.08770007021850773,27.42872685632588
1.256,0.08762252822462886,27.39323003035023
1.2570000000000001,0.08754498623074998,27.357733204374576
1.258,0.08746744423687111,27.322236378398927
1.2590000000000001,0.08738976049887688,27.30427996139887
1.26,0.08731207496665336,27.28654557489218
1.2610000000000001,0.08723438943442982,27.268811188385488
1.262,0.08715670390220631,27.2510768018788
1.2630000000000001,0.08707901836998277,27.233342415372103
1.264,0.08700133283775925,27.215608028865415
1.2650000000000001,0.0869232342844538,27.193703243710996
1.266,0.08684377231746934,27.15803165871948
1.2670000000000001,0.08676431035048486,27.12236007372796
1.268,0.0866848483835004,27.086688488736446
1.2690000000000001,0.08660538641651593,27.051016903744927
1.27,0.08652592444953147,27.01534531875341
1.2710000000000001,0.08644646248254699,26.979673733761892
1.272,0.08636643210435274,26.931564489484316
1.2730000000000001,0.08628577974740012,26.86984545049058
1.274,0.08620512739044751,26.808126411496858
1.2750000000000001,0.0861244750334949,26.74640737250312
1.276,0.08604382267654229,26.6846883335094
1.2770000000000001,0.08596317031958967,26.622969294515663
1.278,0.08588251796263706,26.56125025552194
1.2790000000000001,0.08580427031456477,26.561263044437084
1.28,0.08572694627440154,26.5849859817878
1.281,0.08564962223423832,26.608708919138515
1.282,0.08557229819407507,26.632431856489237
1.283,0.08549497415391184,26.656154793839953
1.284,0.0854176501137486,26.679877731190672
1.285,0.08534032607358538,26.70360066854139
1.286,0.0852588571820871,26.678463003878008
1.287,0.08517724905785666,26.65168402700227
1.288,0.08509564093362619,26.62490505012652
1.289,0.08501403280939575,26.59812607325078
1.29,0.08493242468516528,26.571347096375032
1.291,0.08485081656093484,26.544568119499292
1.292,0.08476864458455301,26.517588571545414
1.293,0.08468438303843381,26.489865730772575
1.294,0.0846001214923146,26.46214288999973
1.295,0.08451585994619543,26.43442004922689
1.296,0.08443159840007622,26.406697208454048
1.297,0.08434733685395703,26.37897436768121
1.298,0.08426307530783782,26.351251526908364
1.299,0.08417753768468209,26.321104445395303
1.3,0.08409048689913873,26.288082717758584
1.301,0.0840034361135954,26.25506099012187
1.302,0.08391638532805205,26.22203926248515
1.303,0.08382933454250872,26.18901753484844
1.304,0.08374228375696537,26.155995807211717
1.305,0.08365523297142204,26.122974079575005
1.306,0.08356626370862882,26.079784259690104
1.307,0.08347648199461592,26.032288379386948
1.308,0.08338670028060301,25.984792499083778
1.309,0.0832969185665901,25.93729661878062
1.31,0.08320713685257719,25.88980073847745
1.311,0.08311735513856429,25.84230485817429
1.312,0.08302757342455137,25.794808977871124
1.313,0.08293759702406908,25.79054667733663
1.314,0.08284760983620983,25.788679904968728
1.315,0.0827576226483506,25.786813132600823
1.316,0.08266763546049136,25.784946360232922
1.317,0.08257764827263213,25.783079587865018
1.318,0.08248766108477287,25.781212815497113
1.319,0.08239658981000396,25.77310064755953
1.32,0.08230097100183464,25.738790261842645
1.321,0.08220535219366534,25.704479876125767
1.322,0.08210973338549603,25.670169490408878
1.323,0.08201411457732674,25.635859104692
1.324,0.08191849576915743,25.60154871897511
1.325,0.08182287696098813,25.56723833325823
1.326,0.08172539479023634,25.539332635955063
1.327,0.08162551686759281,25.51966153804097
1.328,0.08152563894494927,25.49999044012687
1.329,0.08142576102230575,25.480319342212777
1.33,0.08132588309966221,25.460648244298675
1.331,0.0812260051770187,25.440977146384583
1.332,0.08112612725437515,25.42130604847048
1.333,0.08099036059216749,25.38852517784347
1.334,0.08083789843573036,25.349645621741946
1.335,0.08068543627929325,25.310766065640433
1.336,0.08053297412285611,25.27188650953891
1.337,0.080380511966419,25.233006953437396
1.338,0.08022804980998186,25.194127397335873
1.339,0.08007558765354475,25.155247841234356
1.34,0.0798832652213879,25.13676650930717
1.341,0.07968782702643898,25.119879647733228
1.342,0.07949238883149003,25.102992786159287
1.343,0.07929695063654112,25.08610592458535
1.344,0.07910151244159215,25.069219063011406
1.345,0.07890607424664324,25.05233220143747
1.346,0.07870691076285964,25.034403757287713
1.347,0.07848987669060849,25.01147873585398
1.348,0.07827284261835729,24.988553714420245
1.349,0.07805580854610615,24.965628692986513
1.35,0.07783877447385495,24.942703671552774
1.351,0.0776217404016038,24.919778650119042
1.352,0.0774047063293526,24.896853628685307
1.353,0.07716179667034823,24.869973687237966
1.354,0.07688278514479586,24.837575803496183
1.355,0.07660377361924356,24.805177919754406
1.356,0.0763247620936912,24.772780036012623
1.357,0.0760457505681389,24.74038215227085
1.358,0.07576673904258655,24.707984268529067
1.359,0.07548772751703424,24.67558638478729
1.36,0.07512464452854552,24.67299223282863
1.361,0.07471873268157991,24.685581114042492
1.362,0.07431282083461421,24.698169995256354
1.363,0.07390690898764861,24.710758876470216
1.364,0.07350099714068291,24.72334775768408
1.365,0.0730950852937173,24.73593663889794
1.366,0.0726891734467516,24.748525520111805
1.367,0.07221810847592633,24.74725480026616
1.368,0.07174040255308221,24.744571393811146
1.369,0.0712626966302382,24.741887987356137
1.37,0.07078499070739408,24.739204580901124
1.371,0.07030728478455006,24.73652117444611
1.372,0.06982957886170593,24.733837767991098
1.373,0.0693393460197413,24.7321776822125
1.374,0.06877949636495871,24.73620457527498
1.375,0.06821964671017623,24.740231468337452
1.3760000000000001,0.06765979705539363,24.74425836139993
1.377,0.06709994740061115,24.748285254462402
1.3780000000000001,0.06654009774582854,24.75231214752488
1.379,0.06598024809104608,24.756339040587356
1.3800000000000001,0.0653143115270001,24.77180757171386
1.381,0.06448757656589489,24.804618459905946
1.3820000000000001,0.06366084160478949,24.837429348098038
1.383,0.06283410664368429,24.870240236290122
1.3840000000000001,0.062007371682578895,24.903051124482214
1.385,0.06118063672147368,24.9358620126743
1.3860000000000001,0.06035390176036829,24.968672900866395
1.387,0.05938137129076631,25.03328190516856
1.3880000000000001,0.05832771725028852,25.115584024660386
1.389,0.05727406320981097,25.197886144152196
1.3900000000000001,0.05622040916933318,25.280188263644025
1.391,0.055166755128855625,25.362490383135835
1.3920000000000001,0.05411310108837784,25.444792502627664
1.393,0.05305944704790028,25.52709462211947
1.3940000000000001,0.05149305484108138,25.586702135122813
1.395,0.0498616676554309,25.643432867021968
1.3960000000000001,0.04823028046978007,25.700163598921133
1.397,0.0465988932841296,25.756894330820288
1.3980000000000001,0.04496750609847876,25.813625062719456
1.399,0.04333611891282828,25.87035579461861
1.4000000000000001,0.041598265816084994,25.946425831609766
1.401,0.03916336232030478,26.14911358307072
1.4020000000000001,0.03672845882452404,26.351801334531718
1.403,0.034293555328743834,26.55448908599267
1.4040000000000001,0.03185865183296309,26.75717683745367
1.405,0.029423748337182882,26.959864588914627
1.4060000000000001,0.026988844841402133,27.162552340375626
1.407,0.02455394134562193,27.36524009183658
1.408,0.022119037849841726,27.567927843297536
1.409,0.019684134354060977,27.770615594758535
